step,nematic,polar,nematic_2,polar_2
100,0.0,0.0,0.0,0.0
200,0.09874056957504837,0.11493223316514263,0.00919377951284548,0.011231291863872249
300,0.1106881001231601,0.12766141058207972,0.008397048201096878,0.009804785955275723
400,0.12464825604582216,0.12680605303910172,0.00874603248441411,0.00895143736339886
500,0.11915315219301302,0.13356275042252563,0.007719570051505211,0.008958123849730746
600,0.12388957633232545,0.12568155560074562,0.0081377071770592,0.00834206452196613
700,0.1223084031032404,0.13234226362581278,0.007649788030770818,0.0086467850448955
800,0.11967441363597128,0.14085559109429388,0.007372816139113425,0.008934824030002533
900,0.1524588728004667,0.13076508390531644,0.009360045415668691,0.008071901422127853
1000,0.13190907894967832,0.12564665599188365,0.00835259861216052,0.007985556582929963
1100,0.14740555187157078,0.14140334945702782,0.009335022186608786,0.009103642426562298
1200,0.15768739862429385,0.1381604945289229,0.010155158303494588,0.009145474695275095
1300,0.14702002036333822,0.12370114419181419,0.009431180278555246,0.00824923524385613
1400,0.15076737176204902,0.14070178100496916,0.00987703496622081,0.00949664980133413
1500,0.1501194743467541,0.13444716644701013,0.009875768741773925,0.009025377850337309
1600,0.15175592154689108,0.147656644114428,0.010116301739657566,0.01016707273322606
1700,0.1399152758483896,0.12085535121196243,0.009265638590167213,0.008532047835715375
1800,0.15374847559376068,0.15795298969211438,0.009835246261518271,0.01049660894699364
1900,0.15261543649187384,0.14357866443589132,0.00977819880852969,0.009790470735993477
2000,0.17020522501937743,0.13297534734521935,0.01101889196461865,0.009192218219569545
2100,0.16894789207082342,0.12296634368417479,0.010857602208307955,0.008940697188730935
2200,0.1632245028507306,0.15080607920185876,0.010528489519592826,0.010248914850332178
2300,0.17205629861491684,0.13227805128235773,0.010734551324489973,0.00891660087533855
2400,0.16667928060333972,0.1425057750994123,0.010214252276586476,0.009460081119431092
2500,0.16822725752945455,0.12727965186613419,0.010350543524407051,0.008351323650927712
2600,0.1636626482146566,0.133805024284319,0.009928433339400394,0.008639467155930466
2700,0.17724400019742656,0.1393515666414824,0.010944919657556479,0.008884337094399527
2800,0.16591512856308932,0.14829409100373409,0.010299240951800685,0.009495634448560141
2900,0.1749239867528372,0.1370746003510441,0.010837705909251804,0.00883340682790521
3000,0.16750830887139886,0.14668256535461918,0.01032553918260659,0.009376631911326533
3100,0.18088340119469454,0.14067276126369702,0.011944182064061424,0.009246856106279646
3200,0.17122584366450838,0.1545836236092287,0.01039045647188905,0.009748093379171149
3300,0.17642264734572746,0.14091862730397742,0.01067106410331905,0.008884766874344294
3400,0.1867744338071079,0.1580031519516494,0.01145940937352075,0.00986371473048128
3500,0.18784910107895214,0.12636850485205178,0.011027129590166737,0.007993704352952439
3600,0.16990378846403983,0.1447394527138683,0.01030648692358796,0.009130906123973027
3700,0.18757884867617483,0.1354018540603835,0.01147150648155062,0.008276394988885811
3800,0.17679172211994879,0.1382185695429703,0.011093413604310216,0.008768404076284118
3900,0.18416312351417113,0.14989358995817617,0.011538766837252759,0.009499288579866547
4000,0.19692114669251826,0.14584359355599189,0.01176162996951864,0.009186262362194827
4100,0.18383914636631074,0.14316559740092505,0.011248301018616801,0.009240882757103566
4200,0.1974041492394492,0.12918335055606572,0.012169808630753884,0.008126568676611701
4300,0.19040726163383329,0.15595454450664895,0.011966267491250149,0.00984592345031501
4400,0.1983558495856559,0.15569656838321844,0.012236580314571378,0.009048179020790047
4500,0.19126538232288348,0.1418480936225918,0.011708145645116639,0.008841351942235618
4600,0.21347516722708804,0.16876834148904535,0.01331176813473996,0.00981627058478828
4700,0.2208917419058416,0.14953766482227798,0.013464264287734026,0.0089215654364428
4800,0.2165031916949835,0.1642054166149251,0.012932151040908932,0.00927348635746458
4900,0.2085968084281705,0.15568906781716285,0.01259478000093191,0.009234762725108283
5000,0.1998702025408417,0.13992661999924633,0.012265920010862576,0.008689936392220876
5100,0.2276251672545696,0.15199178160749685,0.013695156423103903,0.00979013325497758
5200,0.20988779444229894,0.1647512065651633,0.012624033490798152,0.009771650817616368
5300,0.21466272731931407,0.1634854031227067,0.012909539626791705,0.01016979721428709
5400,0.23196724030102361,0.16688900858625974,0.0137835576522911,0.009703309493914852
5500,0.23249088403118562,0.15910573786413035,0.01359791380927879,0.010036354414424013
5600,0.20276163485147497,0.1443844843332843,0.011801160443589273,0.008885453404161593
5700,0.21820101562033037,0.1645403882997567,0.01251655517338942,0.00979583405109916
5800,0.2246521891174571,0.15206000275542814,0.013212243772485487,0.009051936457047018
5900,0.2180518106248376,0.1713843813489485,0.012710334699075364,0.009792396137141477
6000,0.2218420996898621,0.15582811695734974,0.012771819896688361,0.008518726179165688
6100,0.21018331354850125,0.1613694656430622,0.01204448500892112,0.00918322270738061
6200,0.216577701028211,0.1501329686891234,0.012826023606172942,0.009467456384887801
6300,0.20367337552906442,0.1508245356480277,0.011949893910590703,0.009402099855915568
6400,0.22523469779005645,0.1418951317615269,0.01203280759743504,0.009425035909412042
6500,0.20761829935061346,0.15841849771399055,0.012277829167243404,0.010445159808799707
6600,0.21544472842491402,0.15829285424824588,0.0127209606533448,0.010302422165008034
6700,0.1929205863781015,0.15707129045888105,0.01141598367397878,0.010226137532543363
6800,0.20583934649958543,0.1528990007348632,0.01267652234100942,0.010222568724182774
6900,0.23512039719422373,0.1507628144525564,0.014508961082891446,0.009877516194506926
7000,0.21881023676613356,0.17028354613369642,0.01406672377805686,0.010793649145285904
7100,0.19126405133253185,0.139144455440029,0.012183880337925158,0.009400579704099365
7200,0.21983608163362847,0.15937028790889268,0.0133490753253184,0.009777390818062209
7300,0.19896257977627757,0.15889316584689203,0.011888740853186678,0.009684843107225035
7400,0.19539651677095296,0.16932159667843916,0.012436766774737347,0.011107709663662592
7500,0.21623499401959595,0.16369011653018703,0.013096789903543408,0.010604718642841803
7600,0.19845811904048882,0.1568751061845508,0.012774629467519574,0.01084635265833379
7700,0.22355427799623803,0.1707258598993185,0.013450597232466036,0.011352303320116424
7800,0.22146020480222803,0.16138709788719907,0.01423059526272742,0.010642042030433086
7900,0.21479704099017335,0.13007461474339618,0.01350814148365221,0.009123821000262333
8000,0.2266885769588523,0.14970099146654617,0.013711806830690617,0.009557612226218313
8100,0.23985257497084253,0.1452685530627014,0.013918107554037024,0.008848338080490082
8200,0.2383212163952618,0.1391991504332292,0.014142279913807003,0.009051747569898835
8300,0.2497363736245142,0.15644672952390223,0.014877430189858772,0.00969522375353713
8400,0.23392771680646168,0.1623227889217973,0.013692597596711566,0.010517414063439166
8500,0.23889455128867573,0.1670964635130184,0.013780362586967342,0.010541820376633189
8600,0.21132243386135274,0.18149206256886014,0.01219220844051246,0.011517130992568111
8700,0.21056312541964559,0.16391068751684604,0.012188500988311993,0.011215568674206488
8800,0.21369184457010718,0.16226803830551742,0.012661672162232457,0.010853797561493244
8900,0.2318494766201772,0.16119324108705957,0.013733632538537871,0.010981735464795864
9000,0.2219392026273273,0.14893187240540076,0.012768384238983313,0.010112339995757268
9100,0.21080669342672334,0.1660785172818668,0.012539381362867141,0.01054100045903167
9200,0.22084788378845707,0.173370711914353,0.01261977155531404,0.010406328167676901
9300,0.22347419089535275,0.15223019541043864,0.013781055470575967,0.010491681211647376
9400,0.21682265848189064,0.16823578583314422,0.012563286771950148,0.010451752760739256
9500,0.2185155541488987,0.15050665622020162,0.012539586696456466,0.009846113644826633
9600,0.20919536337030747,0.1655022341534738,0.012558150673376657,0.011394234114732215
9700,0.24247756896067013,0.1555869423594379,0.014442048471649404,0.010831223340114313
9800,0.2244951304372162,0.18881397157755836,0.014034924561354177,0.011802783456434327
9900,0.23837625794624995,0.17064502396662143,0.014558103447228937,0.010990467162273698
10000,0.2257086258265833,0.1585314577806546,0.013454938303575106,0.009984328208466278
10100,0.24255889175032927,0.1541379626576844,0.013410269759270317,0.009675137772427138
10200,0.22806602180768634,0.16185363181343707,0.012899744784697926,0.010298262731420647
10300,0.240959857919344,0.1743330653439715,0.014124736964911807,0.010961534567886955
10400,0.2387526163263978,0.1695736783005704,0.014031616625883469,0.0103545700148633
10500,0.22611400682700528,0.1622902826053931,0.013448548999664675,0.010939315061573373
10600,0.23473309235769388,0.16736092691790083,0.014183776347493706,0.011649869544284165
10700,0.21554333109746196,0.17642784765087016,0.012552857543533105,0.01212251318730622
10800,0.22998378701904437,0.1895182560318272,0.013931322890340013,0.01280794460345024
10900,0.2344401144341049,0.18595725201503352,0.014639743105376524,0.012989539667808603
11000,0.2343951403021538,0.17624509442518804,0.014038394119750575,0.012095378639979979
11100,0.23883883434965925,0.16857468999118255,0.015108726533675863,0.012699357046181733
11200,0.22525321826919137,0.15313424843959692,0.014072911895549706,0.011326262677659463
11300,0.22973344159111156,0.18212489118787023,0.014247887834432564,0.012653608177283372
11400,0.23735693827437473,0.16930541826809786,0.014211589885995265,0.012217642266010308
11500,0.21774669028779897,0.17371116738918063,0.013530235573977313,0.013258075723961928
11600,0.21659666513080564,0.16856470767105408,0.013840407613600147,0.013554207977979472
11700,0.24198466897046836,0.20096945082447923,0.013812135491266461,0.014266262698949513
11800,0.2312750523985299,0.17590251519893782,0.013756239584762056,0.012982766208666945
11900,0.22473732329073026,0.16882936758436515,0.013866672303592573,0.013139321390687969
12000,0.25268476391641626,0.17861594427182995,0.015204452959792298,0.013821590042512252
12100,0.2457291613463887,0.17586089602649044,0.015284893482788898,0.013482525687712583
12200,0.23263595059847472,0.16981177251685664,0.014649017210702022,0.012962359753196775
12300,0.2448471437304574,0.15945547157040893,0.015860942404691665,0.01225137887609027
12400,0.23771629502073927,0.19226295701492696,0.015071007909847113,0.013420428509171401
12500,0.2403439586974817,0.1656773858537309,0.014961291788276886,0.012455628631145178
12600,0.24065394730954703,0.17872701719423123,0.015041528902870225,0.01310916711260641
12700,0.22607151564870095,0.19539397855328908,0.014149210776202473,0.014321662831093148
12800,0.24412757505706256,0.1691803172182961,0.014928451064052658,0.013729574550560484
12900,0.23328484427368065,0.17702157880007202,0.015234696887621786,0.014663545498640353
13000,0.23940557273811294,0.17439664027247664,0.016151165861382818,0.014186991932971817
13100,0.2400446477108769,0.1984141382397236,0.015083175297021049,0.01565494619857025
13200,0.22481104077675515,0.18434216969982659,0.015122497046710844,0.015660440456218082
13300,0.2537421915654798,0.18207667498274296,0.016693700525041186,0.014651467697994518
13400,0.24662864807981355,0.18634162531857582,0.016400154810561857,0.015017011691572948
13500,0.23760707109308474,0.16749492296564858,0.01628883529641343,0.015515637140993516
13600,0.21781903039166828,0.17497385040703672,0.015198991525583665,0.01586332121758313
13700,0.2208680433307083,0.17177875896971234,0.015641182180094568,0.01600168418675361
13800,0.25106445664687355,0.20592717404973787,0.017363806502437178,0.017247455784020004
13900,0.23879502665358474,0.17658059549025504,0.01740671293520821,0.016367094871945438
14000,0.2604461595966164,0.18009579988142696,0.01967245185856694,0.017822648131278353
14100,0.24687341913867586,0.20933413740942622,0.01866485362700606,0.019065684026253592
14200,0.22192364998781272,0.1819494293700092,0.017349162835814953,0.01777229209947584
14300,0.23906796617992726,0.20159741437953402,0.01764674521609042,0.01927249985269581
14400,0.24682742888611328,0.17131766074700697,0.01766447953537193,0.017630900517582232
14500,0.2425326921552148,0.1771217476746282,0.016916688941361592,0.01710239282924564
14600,0.2266183748448921,0.17083629365229108,0.015309801580854609,0.016386160909309413
14700,0.23109474008974412,0.182861965564686,0.016164484690224717,0.017279944919373527
14800,0.21878038147874548,0.16958228538721398,0.015998340966629963,0.01629918839926468
14900,0.2358667639235921,0.1836905236055664,0.01726173407231743,0.01803079020633391
15000,0.23814941651960206,0.1809080057730101,0.01730397455794443,0.01761577147576548
15100,0.25806526023067056,0.19500537160235124,0.018524059337966792,0.01847078659240691
15200,0.2349017475097496,0.17979790317555552,0.01721855296961662,0.01825094279771562
15300,0.23484321620165297,0.19902105378276094,0.017051817089393604,0.019383085633748864
15400,0.22358321452052168,0.1868303651118305,0.016203422145084457,0.019255485693759924
15500,0.2465771520553012,0.2018452515652233,0.017872714903918837,0.01844071887327484
15600,0.23827538931601766,0.19213931606718046,0.01679101733687243,0.01806525203652518
15700,0.2506651952901293,0.19301614500419872,0.01817884005182583,0.018007032500111365
15800,0.22668036579027484,0.18223352454470565,0.01742401474430914,0.01801129987501961
15900,0.22503528360099925,0.19468845592280665,0.017542386637855935,0.017934801343567112
16000,0.23696166172872912,0.17755158427287285,0.01632629626489457,0.017285142892664578
16100,0.2520732540066676,0.17167926383804485,0.017547914588786736,0.016452827418352595
16200,0.2356416073328884,0.16254690269847868,0.017674379567268413,0.016842041440587426
16300,0.2508783194167605,0.16676748072128458,0.018735043605434806,0.016613231361356777
16400,0.2609096761946238,0.181818840741838,0.019267054063716718,0.016972996020182922
16500,0.2539558904483228,0.1775444031498077,0.019180173942344392,0.016356392156575774
16600,0.24668924297805073,0.16774771944742825,0.018006163425662112,0.015543978436497442
16700,0.23798057142613985,0.1825771014739443,0.017310129190873037,0.01629013258950795
16800,0.2593464576159983,0.16405104554520927,0.01920943351075737,0.015594255435877714
16900,0.2432423308981416,0.174153802747147,0.016978634731986773,0.015378594676604643
17000,0.25536620242806174,0.17509222197234275,0.01772509441419525,0.014783633397500103
17100,0.24249324783359397,0.18610792630889164,0.01615607460538262,0.01592562732072266
17200,0.2570441914736129,0.18493688768007388,0.016654117502815903,0.015092367215067489
17300,0.2450058225268942,0.16846458022621208,0.01638211234704929,0.014137017876764807
17400,0.26362781915842176,0.17907974957628783,0.016957727144669726,0.015552273836295516
17500,0.2550835466886861,0.18497231388729335,0.016377717259384524,0.014967827517974819
17600,0.26745678997784156,0.1844438528621348,0.017462598929002447,0.015138396945165817
17700,0.2618229673137682,0.1889873032067905,0.017119274403990737,0.01466225841933015
17800,0.2606617976266229,0.18268161912105196,0.01741719663591221,0.01461046949301014
17900,0.25496129327890926,0.18031232372282335,0.015556901987413186,0.01357529463252041
18000,0.24911954894297486,0.18722951963855994,0.015795077055514854,0.014494760299350404
18100,0.2806760550389825,0.18591902049751396,0.016228052874641383,0.014073170326576179
18200,0.24084693850927083,0.18297798871413168,0.014669682656991888,0.01322649569059471
18300,0.25168006338418125,0.1640054610027604,0.014794528066814087,0.011754589966095129
18400,0.2542184028925704,0.17874784093663346,0.014657232423383256,0.012243463771268509
18500,0.25267274355583497,0.16878470737321477,0.015827575163976686,0.012345205159243255
18600,0.25090389389865836,0.1859970256160274,0.01595089793502224,0.012095939624543587
18700,0.24581428540826838,0.17667883440751264,0.015007028692565596,0.012446812909015602
18800,0.2547591741021969,0.1761866611068144,0.014408616662996527,0.011096815096739494
18900,0.24866749080786796,0.1678974293595111,0.015458405899398462,0.011274450913925493
19000,0.2665099614955441,0.18580588904829587,0.016118205483152452,0.012830187633197187
19100,0.2661929215119579,0.1860137579928744,0.01616732341905566,0.011947580551104259
19200,0.26467659850529535,0.1752470072855665,0.015960716270114847,0.011305665897696954
19300,0.26399737198632683,0.16383805881579824,0.015481374581374918,0.01099171248887459
19400,0.26652122339269585,0.1685235226317498,0.016041627588757733,0.012027382372828969
19500,0.2581497206191398,0.16692685957942882,0.016011688195579105,0.01104162012584565
19600,0.24565109722996356,0.16669442999393613,0.0154873392794853,0.011601612048419184
19700,0.281472533103033,0.1595499649217383,0.01685529739547295,0.011133253040231824
19800,0.26203593080215404,0.1741061633284311,0.016394592313018548,0.011774997469227668
19900,0.26809038652888934,0.18562320078730896,0.016594392550751867,0.012176011908025473
20000,0.2606558009163316,0.19794695988551864,0.016251131882115563,0.013496412548685902
20100,0.25031380823698024,0.17080328985409887,0.015300211742155255,0.01197156035893499
20200,0.2820884498667549,0.20804245076875277,0.01643398675350612,0.013058249554882802
20300,0.2684902944599127,0.18151470307164227,0.01602005821647464,0.012853604330456694
20400,0.27075580915137964,0.16624335645037647,0.015586216146343394,0.01027203576431657
20500,0.2688577344503516,0.1638987577587867,0.01679047255801656,0.011066666916530755
20600,0.2775777858026581,0.16716016452057983,0.016092999815284028,0.011281132784761073
20700,0.270080975158508,0.15699398014225333,0.01667504160133725,0.011494374364010268
20800,0.2731795090442123,0.18822717290388255,0.016700451404450787,0.0115766829464585
20900,0.25534305031894566,0.16060491995787565,0.0158544457299543,0.010389133328842854
21000,0.28337136942231816,0.17723707185158274,0.017350357325728188,0.012112749810049787
21100,0.27601786790020394,0.16247750183283124,0.01760771804657391,0.010489599524055144
21200,0.2721244503795612,0.1729965492024462,0.01777986134128435,0.011606181400244981
21300,0.27375784196297026,0.16123924400721398,0.017953864270487997,0.0109357345088328
21400,0.27339268557708646,0.171271533996859,0.016578889513820888,0.010779082366913566
21500,0.2775284120813504,0.18809620035938715,0.017255915262440264,0.012036413098841608
21600,0.2649543547690861,0.166396762427505,0.016544657158527473,0.011807306231257478
21700,0.26822405874595145,0.17434343608487793,0.016310163936479195,0.012294452838372612
21800,0.2709623114680914,0.18332273293219212,0.01614890432480171,0.012351851226302482
21900,0.26790790604934045,0.17350778446493353,0.017851737458931618,0.012590432664532343
22000,0.27141881349450175,0.18020174344906814,0.0172585625375995,0.01260721650499986
22100,0.27393092745721326,0.18488709735118206,0.017151746386916824,0.014053938632851495
22200,0.27595359838001865,0.1906540873686692,0.016384160565240054,0.012944885805567017
22300,0.2617636017539111,0.1851572670071668,0.016677597063006148,0.013285127410287383
22400,0.25882084951867923,0.16533945711784412,0.015464296868617314,0.012044031264176608
22500,0.26264344580272186,0.19069976714349443,0.01738494394559071,0.013827707521133131
22600,0.2647552928030833,0.18393245599381727,0.01689020649558386,0.014035551926525934
22700,0.26618465551695386,0.16140372042379036,0.017647325518438617,0.012254225411373327
22800,0.261016321157699,0.17164683194071612,0.01706092282495562,0.012541959268422593
22900,0.2652242231835546,0.15951257877153224,0.01669330999555808,0.010951153314437436
23000,0.2497094365308259,0.17176261724747838,0.01511002909349248,0.011875543949085025
23100,0.2756942466993614,0.17762899477602337,0.01661323951552208,0.0119063159935936
23200,0.2575097711274921,0.16358996931573108,0.016411091650699823,0.011692411537279356
23300,0.2843470353636977,0.18611444904059413,0.01777463462746443,0.013389991783073249
23400,0.25223026468288334,0.16561905398796586,0.016484244697898533,0.013197067153929766
23500,0.24782598208047057,0.17238182382301445,0.015843594525526253,0.013073063748220448
23600,0.27006032322916135,0.19270536363604085,0.01741779309004695,0.013104514953260694
23700,0.2773467696609102,0.1864589853653483,0.018063702163865773,0.01395646430395118
23800,0.29517850464495954,0.18146667963684798,0.018817375047830837,0.013372600548927811
23900,0.3103504221948206,0.20937140044136476,0.01860492223708375,0.014519094819053207
24000,0.2823513605508801,0.18655937023405214,0.018163164719261275,0.015493185542422534
24100,0.3015576800962392,0.21270160523631648,0.019310980441589992,0.01620059891327619
24200,0.2814392102566945,0.2149628188925962,0.018887375763797894,0.0168065274430018
24300,0.2969970863302842,0.21158932892687357,0.019256797808693844,0.01588432497232448
24400,0.30417141127058167,0.21521246535054017,0.01923729910129902,0.016724086136875708
24500,0.3024979038971024,0.19591564463522854,0.01896001491367539,0.01532225411587525
24600,0.2893511772215219,0.19691316739890122,0.019118594826936463,0.014975949556134373
24700,0.29188265205821395,0.20317616151086626,0.017942484003415946,0.01504421604643254
24800,0.29875433110235444,0.19156742034474777,0.019254647224092782,0.015078739135504502
24900,0.2781135617821331,0.20647505478768852,0.017836605262843863,0.01609762347145033
25000,0.26872095244227673,0.1806571160872212,0.01743195477260967,0.014725189232077959
25100,0.27368678418460024,0.19046692847819266,0.01732141899219913,0.01552133426221597
25200,0.28228174343462364,0.19725316677249213,0.017977253026022304,0.014454747502294423
25300,0.2854731833916567,0.19067883384504325,0.017346523888055663,0.014768440041316493
25400,0.28284080236577036,0.1993981148074524,0.01682434238771636,0.014771225782167975
25500,0.2850968882947441,0.2166769488723319,0.017397736422167753,0.01543491893090648
25600,0.29025250291649624,0.20206972048261437,0.0184463832795626,0.015549244893086024
25700,0.2770859401680867,0.16171488750805604,0.018875851320182078,0.015021956491642648
25800,0.2843281347049788,0.18297338008461667,0.019808674097700176,0.016243688556322966
25900,0.2896858077490289,0.17443221807333395,0.019323965729378532,0.015587715244601778
26000,0.2958804880695113,0.2129134751039982,0.01935409637737103,0.017077516824036534
26100,0.2672637109490126,0.1803863710362505,0.018040528368937804,0.015204078427275834
26200,0.28286166869326035,0.18102505963108442,0.017943666136499156,0.014560888020914117
26300,0.26914536551453816,0.1914067582198313,0.01842812350433561,0.01582255343194324
26400,0.24997593920830644,0.18716632279804993,0.017647372173650963,0.015108862477964941
26500,0.2885905398464691,0.19537416645624855,0.01819089611343545,0.014514507952516699
26600,0.28465967244898005,0.17932926465721674,0.018809205478184536,0.015391118222592438
26700,0.2765196128721812,0.17810188317461997,0.019504486329957233,0.0162525693516547
26800,0.30049779545572747,0.1950492975143793,0.019411458746489665,0.016035731210721337
26900,0.2731510959102504,0.21289661279144964,0.017428942312197524,0.015590175692793714
27000,0.2650485766317845,0.17998110447201604,0.01822436546292968,0.014347075045228048
27100,0.27362460913547326,0.19639257694463888,0.0171028035930687,0.01462254829699833
27200,0.27908511779997136,0.2145607676851305,0.018528838449648515,0.015958599848381487
27300,0.2946355716459254,0.18913410162176691,0.01888525183498705,0.014581263369329286
27400,0.2733890949288466,0.18758209689480687,0.01865667049545602,0.014378599273784374
27500,0.2859810822083651,0.1807926910237262,0.01832971354551521,0.013261926793972312
27600,0.3123021342638227,0.1807742549452021,0.017887322084799203,0.012302385377881699
27700,0.2727618962895992,0.1938367217566438,0.018248074489592012,0.0131968203626911
27800,0.2932120919175226,0.18551708067456912,0.016997779745395236,0.012532700856632975
27900,0.2629746187604522,0.165020228224452,0.016221208149949352,0.012910364520767924
28000,0.28549433852745176,0.1576008673501843,0.01569514229364719,0.012449932253731043
28100,0.2793645942853773,0.18708571035623306,0.01647037948453111,0.013481936058108782
28200,0.28967230789547327,0.20930789751853338,0.017012645511381274,0.015688191269722814
28300,0.30028618028828125,0.1782683572706315,0.01791150283024917,0.014805143797303346
28400,0.2864752995015402,0.18814571370020913,0.017231656507292005,0.014203905363308802
28500,0.27656077798163664,0.17981835769705723,0.017558722354638467,0.013868073318343908
28600,0.2803756519009483,0.18060699186633883,0.018119191875926692,0.015203850410652468
28700,0.2847952006831403,0.2025757555580142,0.018303297351304083,0.01608665174313882
28800,0.25629082194762354,0.20406271852114513,0.016892738535804624,0.017136926707163158
28900,0.27341551689187815,0.20092752609021644,0.01717944066205769,0.01704420709600944
29000,0.2833998239605715,0.18713687453262365,0.01794648504766466,0.016612758640144866
29100,0.2821011837000432,0.2085139974173427,0.017327370581859982,0.018153686254068675
29200,0.26246309199884166,0.19784712406856342,0.016241085219174275,0.01717675181355978
29300,0.2785526699800418,0.1763247622056347,0.017071114823387266,0.017718010996022555
29400,0.2666689029204119,0.1979755181176385,0.016474674138624936,0.01715969354188707
29500,0.2705745233417995,0.2034602234299551,0.018507502200576714,0.017996041836016996
29600,0.2841884893775422,0.20985244970461017,0.018415468102682433,0.018930941440951962
29700,0.28173776010974716,0.21468135168556346,0.017891070525705405,0.020374567048078586
29800,0.2775373175456268,0.17241165434343905,0.017042486214743375,0.018655617069788064
29900,0.2925684044666694,0.19555783634069643,0.018437605008072993,0.018319693467483442
30000,0.2687451529059672,0.18278538684172954,0.0178750058105461,0.017167104077141955
30100,0.28725211220771224,0.19395467223673762,0.019170670289336944,0.016988503257602493
30200,0.28315012321980926,0.19623629608067847,0.019412851458363103,0.017157998360889364
30300,0.2944292397634935,0.19445880870144397,0.01941594661897302,0.01718717952480588
30400,0.27357408597047944,0.16719519602162838,0.01839607271740428,0.01623091218512278
30500,0.2983298464898534,0.19079281773239448,0.01889948693815137,0.01696236188996746
30600,0.28038351504594355,0.19285448183099446,0.018483876566411254,0.017963736593846587
30700,0.28303133793475826,0.21739903991546752,0.017441315221855703,0.019578809709761336
30800,0.27571262971475713,0.19440938237081898,0.016770633136128244,0.017666826139310494
30900,0.27212843136136006,0.19847090098285922,0.017924369249903396,0.01821158479874561
31000,0.2811520102642638,0.19624071286047837,0.0171633730092794,0.017616297943354203
31100,0.2803614719529442,0.22031841217759168,0.0167301704413187,0.019451933533965134
31200,0.27753715338745727,0.21788644576692676,0.01822051732964506,0.0192123870227645
31300,0.26641757663527227,0.21488421249005468,0.017441444469901934,0.018524969309857506
31400,0.2663319744017598,0.21817435146925554,0.017290121571159833,0.02005676283610296
31500,0.2809191336872977,0.2054677473369924,0.019293212420833684,0.02066297329008187
31600,0.3006805154580066,0.23891356688198162,0.019968453216464475,0.021697419398147514
31700,0.2948558850862444,0.20226199704287537,0.019417199989109842,0.019884466362441306
31800,0.2877955864882578,0.1908853356819311,0.02125496030335453,0.019712669830166816
31900,0.28552174953953546,0.18767520660814413,0.019871669268337736,0.019236129702161195
32000,0.2738966507939926,0.20808363214385892,0.01875988721499388,0.019116650810230416
32100,0.2861353866939368,0.1916739774855989,0.019271956950884392,0.018726474922299
32200,0.28521154040342417,0.18456906714546154,0.019984899582108823,0.019912506729363382
32300,0.29270836779929266,0.20074729670636673,0.020114707654334704,0.01951807385316951
32400,0.3083305346799944,0.19366670999296565,0.02270076970147895,0.019887084298445625
32500,0.2814343132899857,0.17538298811023498,0.021104984223112824,0.01887694545747596
32600,0.29574139061795146,0.18774947734745367,0.020757266939645844,0.019264651434726984
32700,0.2873927469018429,0.20915640759119958,0.020696953273416082,0.020860058074741148
32800,0.28919214602894344,0.18469913550692624,0.018708892897585868,0.020273357150385325
32900,0.26557085224784094,0.17112968812585544,0.01808269974216321,0.020091364084151773
33000,0.30830660520776537,0.20386692623182393,0.01831600476061502,0.022465918359843216
33100,0.2932064640682879,0.20092313451804794,0.019170394918894988,0.02207771676945388
33200,0.2756320624206097,0.20146082003143265,0.018433367352846012,0.021994897275223444
33300,0.26976397905439975,0.20538956546585407,0.019638059037576677,0.0212363221226983
33400,0.2900793025972998,0.21912753771855392,0.019448607220406082,0.02054519596021922
33500,0.28714017939080616,0.1854982775908494,0.01997006218067748,0.02022481494722726
33600,0.2817579066411918,0.19208671907899338,0.020752926172869855,0.020475538361649035
33700,0.281096304387614,0.20409820345980167,0.020889036518293318,0.0203811873108074
33800,0.30706495845085324,0.2260272786039345,0.01945154336619227,0.020865099312335496
33900,0.2833721466824657,0.19939248040496796,0.019208392033105065,0.020077299277567157
34000,0.2669335784529188,0.18211361052523467,0.01913342266306999,0.020176243168550205
34100,0.25353523925151505,0.20373440196352957,0.01789004247183395,0.01987262821902461
34200,0.2838025953418937,0.1981547908570808,0.019587505181552407,0.02064149319782231
34300,0.2947668077605836,0.17927080380997795,0.02004885129869602,0.01915227182670844
34400,0.28132672445693213,0.18722827158360733,0.020106949136659762,0.019934388025871292
34500,0.27866121635124663,0.19873265637774243,0.019574817853813025,0.021834119157502933
34600,0.26335162412769464,0.19586488034401597,0.018111216114953428,0.02163695801932976
34700,0.2863793676163231,0.21734332752956376,0.019702029092847205,0.02269102157604579
34800,0.26861431786619167,0.19529226405258573,0.019468109244348684,0.020398504507554746
34900,0.27835213610002524,0.18820728556238497,0.02049410967187382,0.02052027461928616
35000,0.25631378743662375,0.1882747435297813,0.01862812827622112,0.020042247048936094
35100,0.26045796164234114,0.18363177918960652,0.01978422285778567,0.02116825327988996
35200,0.2749848466517683,0.1964175798865125,0.02105994364253339,0.022037900949763774
35300,0.2736009175131113,0.1938066163936388,0.02129781967948929,0.02126059923268114
35400,0.2722524600163678,0.20231397542108506,0.021078723038856533,0.021184771498362547
35500,0.27954475748681756,0.1850308991676052,0.021440639354347573,0.020954376084790925
35600,0.25749324956925435,0.1902440317918828,0.01954392207117232,0.022193435836438034
35700,0.2610305012555822,0.19548146480053868,0.020283717587227846,0.02201970012950682
35800,0.2868649303303289,0.21356924152061543,0.021471882551669527,0.0233261516869067
35900,0.2632914814494809,0.2040180725769985,0.020601174048685646,0.023407004716145482
36000,0.2665271265059584,0.21572678529025618,0.021434852119625297,0.024604983274603174
36100,0.26941236943476904,0.18614107484840647,0.02241431325724982,0.022676600153584893
36200,0.27712350831252075,0.220992575446638,0.022283683858524243,0.023800159670143126
36300,0.29085230947345886,0.21187701248835075,0.022934032074696253,0.023708415242148794
36400,0.2882795267272549,0.20131897142438854,0.023587997091132316,0.023211435685689563
36500,0.2886238708930007,0.20285306549930407,0.023248759013407803,0.023553633592941152
36600,0.28605065986816647,0.20888887137140189,0.021514422837751252,0.023936586328863245
36700,0.25865037589130496,0.20824888373003336,0.020433250955165207,0.02475868222758137
36800,0.29271173110979204,0.21108212095716156,0.02266923134173374,0.025412990591788153
36900,0.27892857881192,0.2325239737448204,0.02201147590154381,0.02580546201315445
37000,0.27596925422610197,0.18586823378605702,0.02242364607108219,0.024286801589048213
37100,0.27089311216298156,0.22886015862459594,0.020614982326865906,0.025198028397498205
37200,0.27025961169395163,0.21195060240732133,0.021624420061223483,0.02374551913035763
37300,0.2814613577378137,0.22536213825992846,0.02197633773913736,0.025669861439062067
37400,0.29434159773447405,0.2378546179776081,0.02236749891795542,0.025129496132193178
37500,0.28913329625956025,0.2061832756535492,0.0229826760027336,0.02493828134321188
37600,0.26934828679387823,0.19489384641534663,0.020241503784092476,0.024045648886212807
37700,0.2803128898672841,0.23516389177125266,0.020755311730807743,0.0260571277301694
37800,0.2546915125212162,0.2070051084602032,0.019853582469132137,0.0244163069299355
37900,0.2613702256562461,0.1948334107715624,0.020153256154158295,0.024684242240919807
38000,0.2680677685818476,0.22072333117547688,0.021301665796051538,0.026376263423790257
38100,0.2518762977397932,0.215843436813229,0.020684100291411676,0.02565646833492554
38200,0.23735516467116322,0.19418955154743692,0.01892023745411146,0.023991942347664066
38300,0.26358679773891786,0.19735868373095738,0.0208950379424625,0.024517873569825977
38400,0.24613467574585657,0.18616436194415212,0.021600169540726948,0.02380534226751128
38500,0.27809620114851974,0.22689384397315795,0.022166075306011657,0.026129507718418172
38600,0.2814450333008951,0.21908179577814663,0.021830791874603427,0.025334651890877063
38700,0.25158337502130423,0.20760309779368163,0.02033611061500575,0.02520262532664605
38800,0.2935295160896651,0.19570176517769278,0.02228666094507771,0.023380773966626932
38900,0.2528564602496364,0.19555255137035235,0.02137084142903016,0.02275625457878788
39000,0.2541353985776159,0.18710470713987146,0.021023549628692868,0.02279574367778862
39100,0.24452837945139108,0.20265661147777103,0.019705137342314015,0.022200302994674986
39200,0.26570575082407505,0.20252849322326305,0.02114582337001923,0.021662449600275368
39300,0.257080142344303,0.19425563194582193,0.021271778060415702,0.021519078631965862
39400,0.2581731853938791,0.18751369003890703,0.0222001063734614,0.021457053269526925
39500,0.2652635645168349,0.18664754584882515,0.022542294617584172,0.02142879118973133
39600,0.2648404327959486,0.17597465939849347,0.021594232158693615,0.019942957484699004
39700,0.276862841416712,0.20398702711166075,0.021859448055845956,0.020314179480059966
39800,0.27743389810770114,0.19289325060415455,0.022251566894203784,0.021464212175375672
39900,0.26785306533367303,0.2140816882620614,0.022257274018781456,0.02229748692646031
40000,0.2718239719748292,0.18285364165000478,0.021825026812807208,0.02062318647131802
40100,0.25407109311803355,0.19397603151121384,0.02158475596449766,0.02184436326175375
40200,0.2643925373366262,0.19265062850619155,0.02178794719247565,0.02248139101072758
40300,0.24773066591374973,0.21455068279137357,0.02198706400204883,0.02310735354181821
40400,0.25160574644102324,0.19391906607163303,0.021248887616717782,0.022095644214128643
40500,0.22771029869293935,0.19146260740211263,0.020389807720384377,0.023785931015039476
40600,0.2591515848147085,0.19168315047090367,0.02088047678835834,0.02239035024856169
40700,0.2563258833634506,0.22115080625493289,0.020992578404866655,0.023082034210686986
40800,0.2504009335107605,0.19332328938277607,0.02163616422960442,0.024176120341126324
40900,0.2608875416616853,0.19712007128341322,0.02235317765662355,0.0227722374408613
41000,0.25258808702789143,0.18855323922389428,0.02079451645562942,0.023001471740420092
41100,0.25434821959053955,0.1901621087174206,0.02162582859728323,0.022826204506768224
41200,0.24607810663288748,0.20002648389072136,0.021105923661093796,0.024164016114368792
41300,0.2452668396145486,0.19848730457209993,0.0217125097478216,0.024164062362645913
41400,0.27303156056994776,0.19856852626288304,0.02224988772472581,0.023167359275121414
41500,0.26138617227697875,0.18160991299711557,0.021006295052602812,0.022632656452331406
41600,0.2587505896699348,0.19024546062039904,0.022267461039753498,0.02388530424312024
41700,0.25691774434709347,0.19162728023633316,0.021971357307580527,0.024293189104824364
41800,0.25529566772894036,0.18305246503688255,0.021491594856698548,0.02315432006254555
41900,0.25198131955105585,0.2002786230548194,0.021594257324140942,0.025284462385411377
42000,0.24682676195387127,0.174612015638771,0.0221728276942207,0.02476327566427299
42100,0.2713472809760744,0.1860247639404841,0.024192932587963123,0.02534973422579926
42200,0.26033000922601446,0.19593638581718512,0.022625964083869802,0.025491456350371307
42300,0.2644488762017001,0.2170223666951322,0.0227181962128314,0.02529807842864829
42400,0.25035114143484405,0.18538393101905035,0.022507308832999336,0.02386329202508952
42500,0.25748486944548854,0.20744675302260737,0.021787729936450496,0.02498189927380495
42600,0.2534969884873018,0.20065663811902398,0.020823284785878513,0.0244274188761454
42700,0.2387067481471848,0.18264757548499844,0.02075362393050267,0.023392076190013766
42800,0.24802562577001677,0.18923659946838634,0.022169968571658722,0.024328974399083502
42900,0.24680213469352852,0.1840249869508212,0.021714445416199955,0.02257812476996052
43000,0.24817224485442896,0.1911958317667361,0.020711515593973853,0.02394831722376666
43100,0.2639039289082921,0.20842850802603013,0.020576357410498663,0.024400345270709764
43200,0.25554813556103945,0.180192429462021,0.020143833572156718,0.023832878136070275
43300,0.24881123332418284,0.19186228972719288,0.019682780741914912,0.024856247164831854
43400,0.25197381198884256,0.18654509107670428,0.02024806576959174,0.023667490503689402
43500,0.2618993475894813,0.20682459938588688,0.022068529090788165,0.025348459994933594
43600,0.2652544482010993,0.2188707582894459,0.02162258078625569,0.025468880489087097
43700,0.23862149164689836,0.20468349719702886,0.020608205884051385,0.025148176360609106
43800,0.2572963589703902,0.2108056870452117,0.02031739143672326,0.024994627765359177
43900,0.2454271194665193,0.20025173851899838,0.02043737855308777,0.025126003231659227
44000,0.2393645720607642,0.19050782082269277,0.020979917802230207,0.024008374161907958
44100,0.26336322154010994,0.1973358425097589,0.02061835963142295,0.023824044386014577
44200,0.25208074244876616,0.1910554943124205,0.020540394055023406,0.023616324554117243
44300,0.26668219840528695,0.1820048797551358,0.02154705311690295,0.021378837280431967
44400,0.26866963732650206,0.1964389484706437,0.022260703251894224,0.023266296778067456
44500,0.27122616910507796,0.19380806690010102,0.02233295344376434,0.024487521447486872
44600,0.2578180001421127,0.19067634683971812,0.021390265938393195,0.025500214065217887
44700,0.2685209103285316,0.21053077379342763,0.02169887312609167,0.02591407342230493
44800,0.25290907482204916,0.21495394404921758,0.022257250984924,0.02551666896489941
44900,0.2744148644098536,0.1911352039304931,0.022183822764354325,0.023668500901041785
45000,0.2650670293377223,0.22210845980852117,0.022520013685316802,0.024836689416644447
45100,0.26277603865389115,0.21874155493398448,0.022227463969024894,0.02662249467532067
45200,0.29980535679922005,0.2329900863210666,0.022968020724176055,0.02601215991703951
45300,0.27928943309834264,0.22285520438459852,0.022781491806015138,0.026399385055558815
45400,0.2682817072322329,0.2210794811293323,0.022193786735242114,0.024752403122900814
45500,0.24695636351222774,0.18605154837222698,0.020302227959602646,0.022255066800993043
45600,0.2436381096961305,0.19912380717575207,0.020553539372955162,0.02403671225949242
45700,0.2484528467179062,0.17990363884437643,0.0199162996772726,0.02310244582500546
45800,0.2618296066694235,0.2202856654428425,0.019005964412835627,0.02524199842507017
45900,0.26406935306301593,0.2121241154804459,0.019834726525519347,0.024572365660233676
46000,0.26213930737617275,0.22264674405783685,0.020539971422462885,0.024537896544646935
46100,0.261058807059764,0.20897397568640672,0.022413056261737684,0.025996457347526657
46200,0.2833238702289697,0.19834625024323232,0.023738078536918665,0.02620612015312263
46300,0.29635266264549304,0.20194665185914412,0.02311554013128975,0.026077915990956012
46400,0.26582701251353946,0.20226006924598663,0.023382846721573654,0.02674050029635608
46500,0.2604941013812562,0.21945951611650252,0.022028455776039495,0.02800469229410976
46600,0.2719230139094441,0.20783452363266988,0.023376354733850493,0.027677942014878224
46700,0.2580501014905199,0.21313529736420408,0.022627516605366757,0.029722923493412795
46800,0.27015048333100483,0.21973190672511114,0.023168491539665145,0.027523812973966125
46900,0.2582686138422094,0.23903916560673574,0.022847049880976675,0.02979506927980542
47000,0.25723097109976767,0.20216067544314892,0.02219356528368044,0.027439648862379616
47100,0.24558714487918615,0.2079748825112682,0.020761715138377223,0.02762009307123956
47200,0.24584613214149334,0.22059056936114518,0.020042270896688322,0.029140884588216145
47300,0.2597267470338375,0.18838699013291044,0.019588556310479024,0.026876324069177723
47400,0.2548970770130488,0.19731033539854181,0.0202068059097387,0.02733105063789805
47500,0.24729786821681835,0.2151444764430366,0.019806048434845836,0.028770048451716393
47600,0.2544234167719995,0.23226925660097372,0.020984996252436765,0.028925685469897353
47700,0.25528566387818497,0.2053795818239406,0.02165744881901027,0.02703406880355593
47800,0.27672355631088597,0.21218072184771283,0.02268896001721274,0.02742378934201833
47900,0.2577429373793172,0.20687466095465493,0.021390275888978422,0.026161004436984218
48000,0.2708483153885869,0.20405756766961677,0.02139284832180994,0.02525065588962201
48100,0.2563889264338606,0.2099552634816229,0.021342263670287007,0.02617696747320516
48200,0.26552748830064693,0.21366887631514805,0.021663193791901538,0.025144533652811763
48300,0.2619297846860812,0.22968679396017372,0.02112715423967845,0.02611227095788571
48400,0.26613558906444207,0.22386506003583304,0.022277838629648626,0.025438060930764356
48500,0.2599783124225888,0.22913267247322391,0.02260680976729505,0.02592789216030155
48600,0.24341002437004317,0.20739610328744204,0.021348391093599917,0.026425194322671822
48700,0.25812330793838123,0.21117970108426898,0.022046875100149944,0.026818947033679458
48800,0.2535125280286235,0.23196771076215697,0.02236471179654095,0.02780973638005627
48900,0.2614723714978734,0.2233484773932476,0.02154055531569429,0.02793736010313027
49000,0.27442990426367697,0.21466227102668017,0.02180072030468877,0.02638997818075123
49100,0.27346133142491835,0.21605150253898628,0.02236765736277437,0.026207721769090944
49200,0.27431252304732723,0.2115428121619925,0.021530209151101855,0.026250148794600893
49300,0.27838616343899486,0.23651129766870121,0.02189404599389037,0.027516206506540568
49400,0.256064041014494,0.22150824295523294,0.021431829591965143,0.02718742643929457
49500,0.26426187859032524,0.22119886866999225,0.020700682663420754,0.028219436776496853
49600,0.2542140924663859,0.22189799975245814,0.02125605338471175,0.028793937858998312
49700,0.27513444348552374,0.23047622802149764,0.02213154157366934,0.027980149688791856
49800,0.27286343755626363,0.21027137221500564,0.020621173134544677,0.02655269454122357
49900,0.24483092572578408,0.20257162250886881,0.021580594914594988,0.02662136806562524
50000,0.2694990685508672,0.21264999061980752,0.021205265393849017,0.024282047841256732
50100,0.25596196704213114,0.20484793846816932,0.019689649306233157,0.02437144297676164
50200,0.23881919682625555,0.20743764492445485,0.018748580619296292,0.025459647080243997
50300,0.23907993785261908,0.207656929834272,0.019120839290776757,0.025551397036575885
50400,0.25188120525927593,0.20987969994435318,0.02009138614572311,0.026666079075988117
50500,0.26563237317007754,0.19668071209245194,0.02124690315834154,0.026048447754945258
50600,0.24340777410843295,0.20684021569224598,0.019729123812276966,0.025546652743307408
50700,0.2655919067974317,0.2270842002489876,0.021427463422646127,0.026776615555015326
50800,0.2528208444354498,0.19173590584920983,0.020888524510301692,0.02547956194911177
50900,0.2488539632428134,0.21757835111658763,0.02152412417193008,0.02780109147188986
51000,0.2373695470300532,0.22631889422930015,0.020791925044354564,0.026666718851970354
51100,0.2446521370109653,0.19663733814638706,0.0221503272417973,0.0262470561223297
51200,0.24528321464282982,0.2160423687344996,0.02056242111022939,0.025927234314070745
51300,0.23634759913594075,0.2122391375744137,0.019237399492369602,0.02506594064101553
51400,0.23869660027857847,0.20865498416436454,0.018816135786494517,0.024191534605819416
51500,0.24883489784994284,0.17945730877213076,0.019597423693025633,0.022812754309568656
51600,0.22653709317309634,0.21810740174591406,0.019256900678269896,0.024316388265139263
51700,0.2484556770177736,0.2029065580262966,0.019398869097871852,0.024357756727388057
51800,0.24134481604697505,0.21344231172412853,0.020178778083259293,0.025641825071291962
51900,0.2565853690969753,0.22155889255419872,0.02162755242403552,0.024860822424063317
52000,0.23041327451920643,0.1953003245822977,0.020560574404427476,0.025201947860896304
52100,0.25151221713405164,0.19073376252785118,0.021120674754802924,0.025031225649693265
52200,0.22993690230771285,0.20056902756013678,0.021015205559957312,0.024435446582519678
52300,0.24172127246122196,0.1974520022681286,0.020897951706241834,0.025512565760289395
52400,0.26479156867999926,0.21056137408761552,0.021200411351907984,0.025050035992300986
52500,0.2591506113319217,0.21329009870530533,0.02075072055652448,0.02365234162545849
52600,0.2508743436819177,0.19388234303196375,0.021198930715750307,0.02238377377212496
52700,0.273304028758986,0.203773215725051,0.023236922451030723,0.02191740549190772
52800,0.23796194663420084,0.16640565928715734,0.02242177248793911,0.02188545098921958
52900,0.2689569069098999,0.1861887266904583,0.024131059107250066,0.02260017934644219
53000,0.2554935388588338,0.2015687566291907,0.025008675326781273,0.022391126073137042
53100,0.2591586647878897,0.19311694682270047,0.024963297460663843,0.022546671847084636
53200,0.2594179726239871,0.19704429795323264,0.022820775990501994,0.022110281373959668
53300,0.2533664995323588,0.20133451028852467,0.0237998556037224,0.0235859874467308
53400,0.271891343860068,0.19666657402589655,0.024393118084273517,0.023813229533041654
53500,0.26300272600505126,0.20947827692033183,0.023232996953982198,0.023785983709307335
53600,0.2471877578658265,0.20997974486670876,0.022130898274853754,0.02365377287553985
53700,0.2679563711043617,0.1893282856366938,0.02303116853826047,0.023625712720935794
53800,0.2479971626033131,0.18883432832129154,0.022436298271829535,0.024759070011922582
53900,0.24413778353996682,0.20915431024431344,0.022227788611834377,0.02496763628979353
54000,0.26140028428130335,0.20464744679663613,0.023095960440761447,0.025843758185001522
54100,0.2536806360567998,0.22340512253082773,0.022278407960255726,0.02665776520510716
54200,0.2515164455587751,0.19273289775070432,0.022909861946041363,0.024866709023837114
54300,0.2730463453316103,0.19759689175335132,0.022905932506420378,0.024959346177680745
54400,0.2663519306847953,0.21345824965749857,0.023487184052628854,0.025661533239672893
54500,0.28058777104882593,0.2274374440551622,0.023537780026651918,0.02604412560011864
54600,0.26676746260408196,0.2236172737311047,0.021705598043063407,0.02450677052403382
54700,0.261140315442911,0.2042750671490266,0.022984541055447245,0.024116648389323325
54800,0.25206598271938885,0.21740480595398898,0.021828223823083734,0.024480603146440863
54900,0.28169618932247786,0.20559542286624227,0.02220389203388688,0.023375572640944496
55000,0.25065178264044424,0.20711258812087457,0.021360919337247587,0.023537248322818706
55100,0.26305389307038024,0.2068540715432455,0.020644337091604677,0.023032003202929873
55200,0.258370746494719,0.1939284495046168,0.020460288922174545,0.023068350777519942
55300,0.26487036844750833,0.20549491077241985,0.021855269689994558,0.02342636267353807
55400,0.2672470367345367,0.22256247371562254,0.021945399787097156,0.022329404048241807
55500,0.2666431739211496,0.20161216958803968,0.02210277097140405,0.02228994128362724
55600,0.27495109708585763,0.2126186861808806,0.0219607120484747,0.022242665435505186
55700,0.26587424666082066,0.20815797374226705,0.020813553020060424,0.02174990448889652
55800,0.26115476532824716,0.21880938954169335,0.01933281663263741,0.021179216420643868
55900,0.24617712649534743,0.18213065788660285,0.0194442707465148,0.021199982502665107
56000,0.26527856771874253,0.19023317373968232,0.01964289095582956,0.02073636339842806
56100,0.2505540522470651,0.20228527651102476,0.02053562706900622,0.02154061612660085
56200,0.2556743156612993,0.19663193433483722,0.020539079149860553,0.019832285309062826
56300,0.2570183528919647,0.1973907770897762,0.019611109495643878,0.02030038961110398
56400,0.26428739514014443,0.2127558727449011,0.019668856217746635,0.020004255738574027
56500,0.26297054177539775,0.21518192377624756,0.019910282495502776,0.021093764848107807
56600,0.27021751467613514,0.20285900432239573,0.018271083416368756,0.022264741294134784
56700,0.2572541005086083,0.22764201108096166,0.018767529988069624,0.024543888650701517
56800,0.2659847107336419,0.21209963070063817,0.019746989255175016,0.02265007061823701
56900,0.25782803829118783,0.20186487798838876,0.02146773232913551,0.023255479686948733
57000,0.29626826810495643,0.20776840692944487,0.022077113796221765,0.0220064417359171
57100,0.2955298203658035,0.2202145293438178,0.022222783711468068,0.022279964222208216
57200,0.26345239621515837,0.20522069389063813,0.020639499944548206,0.021271141000277622
57300,0.2739999814587832,0.20588339856077664,0.019973949442413468,0.022222936247255687
57400,0.26614344858066846,0.21100085880785707,0.019020437851965208,0.023182987076776025
57500,0.2710377422520357,0.214367051613845,0.019753413388520286,0.022277513980531245
57600,0.27819975676098685,0.2142680791771108,0.019047571228888015,0.022756113755033534
57700,0.2517074835281489,0.2243089821952605,0.019672369926676116,0.02382894162432407
57800,0.27682229119132334,0.20027966617219625,0.020363200002588046,0.02090071864226517
57900,0.26951807684345336,0.2072021646897281,0.02071232334471683,0.019720104723719194
58000,0.2644048729346006,0.193913525332731,0.020978462906325122,0.020851437490663344
58100,0.2585785153812512,0.2038239860538229,0.021258437994375087,0.022636336322988428
58200,0.2970841775092071,0.21302872343721135,0.023849622458652582,0.021192961179539994
58300,0.2885531375445018,0.21219903007266597,0.022272152268148684,0.02032446731363059
58400,0.254991184393357,0.22073716325498074,0.019415148902503673,0.021678263718900408
58500,0.2799815952733069,0.1980743061075941,0.02093453690940464,0.01987644249410335
58600,0.24856521710081111,0.19546595242338868,0.020626211344328887,0.020485736317691676
58700,0.25094215979630147,0.16862221704451594,0.019584435406847286,0.018780018202732725
58800,0.262564619426996,0.19208668843197843,0.01983915678415328,0.02029229380214325
58900,0.27123186069835403,0.21745068608511364,0.02003147358629418,0.020183733066388845
59000,0.2427393926557904,0.1875895769358895,0.019313752782413252,0.01882595983252085
59100,0.27741968904276604,0.21287468471423063,0.01991384303002961,0.01974366975547991
59200,0.2934329150955764,0.2080059054063022,0.021157312171226933,0.018829116545677135
59300,0.29176207471010496,0.18146968851916517,0.020738482246036534,0.01642888408938322
59400,0.28187861380884716,0.1922638433250634,0.019552186712518117,0.01694437626674498
59500,0.26094650117328094,0.19703878210104817,0.01797737106493779,0.01618539085187163
59600,0.26627928049068994,0.1921042787287141,0.017369052983075752,0.01771055782914912
59700,0.24934329285638698,0.20686153200148635,0.017047623287949294,0.017857167230518726
59800,0.28129984433009475,0.21284205837075076,0.019999043205728772,0.019088783046496173
59900,0.2750936066915021,0.2153753147670242,0.020080294297482384,0.018777069246234658
60000,0.2760617074562087,0.2050034829801988,0.020341112172313776,0.018853872840489363
60100,0.2575090359688413,0.1740330376795925,0.020335668232991225,0.018593462243670658
60200,0.26276412349924,0.202311585233566,0.019363915033604625,0.0191573728545266
60300,0.2745878032569574,0.17721486718615215,0.019172063482803564,0.017035396923513937
60400,0.2791347557045298,0.199519056465111,0.019916975990328042,0.017548497130232255
60500,0.286160582041685,0.22198273346892505,0.019584674777715572,0.018365337847889688
60600,0.2463294956077195,0.18399918772913318,0.019080374279991708,0.018052147789736135
60700,0.2807479947411963,0.218586261341043,0.019293557110468335,0.019618388902273676
60800,0.26490598818619376,0.20346206999277597,0.02022810112755139,0.01864989354066324
60900,0.24337874089352696,0.21828635485920042,0.018749046251639128,0.0202084964258301
61000,0.28208574268991776,0.21775980497502906,0.019288728520523372,0.01949299371530142
61100,0.25239925303632615,0.18667679570854087,0.019416697328066952,0.020054116090010905
61200,0.2591431208766879,0.18853674426025452,0.020363230110458864,0.02207116199610831
61300,0.2788447571730979,0.21651659715135224,0.020263316363864435,0.024494227869628342
61400,0.3277011319333029,0.2241385318069048,0.02410930931334229,0.025099559700687973
61500,0.3161756332476233,0.21779081892625402,0.02363582812249628,0.024211576967306234
61600,0.3018650866238398,0.21908247558217664,0.02270416615622256,0.023892275462996132
61700,0.2925190004903701,0.20827263743179272,0.022515164440871593,0.02279893700594553
61800,0.3120533406931718,0.24230426629671517,0.022308954077251256,0.022966714907114497
61900,0.2940288516432111,0.22372673147948285,0.020458068514320905,0.023535409022818265
62000,0.28851045999356517,0.23049620379784538,0.021703234900700807,0.022978713217073295
62100,0.2826402075066096,0.2204414748177829,0.021311510140322804,0.023949830590390943
62200,0.2900742346453876,0.22435534478563407,0.021892733406032684,0.023294551938382414
62300,0.2898005197097983,0.23562388744445603,0.021576601986827287,0.02319399879263077
62400,0.2973130364979118,0.21227369106447677,0.022061673593048062,0.023591274213868252
62500,0.2805751627321942,0.21470298763905254,0.021613600039506135,0.023992142650478818
62600,0.27980116655885184,0.20462601910136768,0.02140052678855147,0.022048036135785164
62700,0.28891175363959926,0.21769129016922606,0.020856868972420197,0.024418939006910605
62800,0.2799742439004612,0.205417253774108,0.02016342017309523,0.023254479554301433
62900,0.3001067315310359,0.23398871379586983,0.020187754182328793,0.023181311241805645
63000,0.2833141709847997,0.20836001602426885,0.020583524196023315,0.02214597326840049
63100,0.28806822453391084,0.18694727347557366,0.020045782024246953,0.021695437204568905
63200,0.29134877358948136,0.1874727868960098,0.02106179386153331,0.02063849455647254
63300,0.27036868697416583,0.1756037954035494,0.021265706542028685,0.020185851341590157
63400,0.2840335074096911,0.17767971484152772,0.02051535222348967,0.01964739397262808
63500,0.2872776408266231,0.18822841002469876,0.021267413635644678,0.01956789244915162
63600,0.28533875283434834,0.20384040368330372,0.022224776545054507,0.02032339635143961
63700,0.2762618367115372,0.21295294412519172,0.02131949636736376,0.0212585526137925
63800,0.29195885583466197,0.20873924499122926,0.02212799699275895,0.021364669976133826
63900,0.2896631500499458,0.1887444249615742,0.022035443368407178,0.019325170370271493
64000,0.2902335860916466,0.1954078745811499,0.021254426620268812,0.018504925849116175
64100,0.3236520266354827,0.2147866908009385,0.021931668943451776,0.019331029287322863
64200,0.28631365858961916,0.20065108773193643,0.02172042296989979,0.019828742456962714
64300,0.2950492382891432,0.17733631860801122,0.022141666347035925,0.018533287352302044
64400,0.2986923754492629,0.19500417748865864,0.020532047577654006,0.019151022727669442
64500,0.2821535521663837,0.19568990963272084,0.02046620172185981,0.018726470682646112
64600,0.29026650443647295,0.23060334422995682,0.020525832804669925,0.019832123650970944
64700,0.28508888350231076,0.19867019606321473,0.019678362183403568,0.01936779922283079
64800,0.30728507842340896,0.17392877802852805,0.020859013433870466,0.02002695080559393
64900,0.28601841754744656,0.2218291258057445,0.021043150986028335,0.020977838808884992
65000,0.28058678751510246,0.19411847687505113,0.02088919242590817,0.020137837265713214
65100,0.2904526453279278,0.2354192674248987,0.02103146579830094,0.021657716528906936
65200,0.2666196591885156,0.21435926768587094,0.020445934770445696,0.022424781265882245
65300,0.2790847088291674,0.19254923387603812,0.020542031149745645,0.02056533708334679
65400,0.3074582615057192,0.23717737968058267,0.021905124398524378,0.022830766882379852
65500,0.2781936697349391,0.20203384622874657,0.020120802658855807,0.022918134585956505
65600,0.2879460095705654,0.23790311795667032,0.01922414724758925,0.022515114557537033
65700,0.2808509696451493,0.2143379610779454,0.019831483776958668,0.021249175645426464
65800,0.2787848216709011,0.22727115084269345,0.020076613139540313,0.02143914120181372
65900,0.28593748815829145,0.2192830217600002,0.020412121803002354,0.020540586285334148
66000,0.2952267568113613,0.18746263993978876,0.02196872688154841,0.019710807736005025
66100,0.267562648542205,0.1990337239711217,0.019730822877367517,0.021360277841530134
66200,0.2867453954967845,0.20365743139999298,0.02106263339095844,0.022038542921079193
66300,0.2691867786492128,0.19828450840169118,0.02091760627732779,0.021590013199941756
66400,0.2602673962217791,0.1932436048944537,0.02017162540050233,0.02081565562354273
66500,0.2913764828459259,0.20304903882905953,0.02142889712230008,0.021565568843132182
66600,0.2850402401643813,0.18911454728696767,0.021558750943845604,0.021037105362988886
66700,0.2844222416605995,0.20867083739657447,0.021267808677080162,0.022135121104661096
66800,0.27986915129233125,0.2123458826904239,0.022460033744919252,0.02230709098716192
66900,0.27205448402077104,0.19771599569488005,0.022202057596771012,0.022002040061591177
67000,0.2848642242092545,0.19491798489412843,0.02188122879150886,0.021918070742797703
67100,0.2986641484534747,0.2078547579266703,0.022402704630119997,0.022614522093731392
67200,0.27945843088327704,0.20913413610828763,0.021705717569422342,0.022302843484741205
67300,0.2951193384105997,0.22920052855527817,0.02212925654313334,0.023894982764847437
67400,0.28195287054321183,0.2137313853517032,0.02294233584931995,0.023242091995452466
67500,0.26105807304401263,0.20176879499407271,0.022084092516923847,0.023150666273488683
67600,0.27041288647047856,0.20284963880653362,0.021643413195859752,0.024071535161843242
67700,0.2728222697082223,0.18138484887127707,0.021906771552031544,0.023251063629010416
67800,0.27474854636397533,0.20259784966735062,0.021294695426684083,0.026312673162553153
67900,0.2601290583096106,0.1992332823065999,0.02094049045656528,0.026608478705983513
68000,0.26072657236190827,0.2086837783756459,0.021516551929766866,0.027496908496208946
68100,0.26645929763498133,0.20600533874390684,0.0216735029110932,0.02688713740804599
68200,0.27807012518320534,0.2032970773745429,0.022130636738531915,0.02676020947618311
68300,0.30233055098010075,0.21328441566199605,0.02368200731730117,0.027623755861670363
68400,0.28086034419379213,0.21494662537151632,0.02313743495471199,0.02693071610237999
68500,0.2740748857626498,0.2168470764279977,0.0227741792733792,0.027237106294955266
68600,0.2695071492487667,0.21065725232615973,0.022859089674894945,0.027524221996388758
68700,0.26183873239475974,0.2057949020800132,0.021466920311342865,0.02720040878237973
68800,0.27130453082118194,0.21686894217913724,0.023073985712194905,0.02671074273881254
68900,0.27970128866365485,0.21587924713322826,0.022348176033528563,0.026412868199033088
69000,0.30380789266281966,0.22211851865318763,0.023916896028869164,0.02672075398324072
69100,0.3027528930411082,0.20196307604206676,0.025566597666814884,0.0260084537081343
69200,0.2900036014437743,0.19188999517747055,0.02407314033816767,0.024447415174177846
69300,0.2785918718556546,0.2223956169063165,0.02274428633642212,0.025443052041789104
69400,0.2998527506709753,0.20580198753366014,0.02376409920082136,0.023430147826180938
69500,0.29515740541790414,0.21035318464522196,0.022943969557422245,0.024053537516643443
69600,0.2860469082815387,0.22016329391007816,0.022695602896832884,0.02354376489535822
69700,0.3039893651936921,0.20915853043779248,0.020896850509495784,0.02179238609799697
69800,0.2845489121526394,0.20877577432631078,0.02134201639642579,0.02203542333516505
69900,0.26394004627556633,0.16855726996218953,0.021407328297632856,0.018588770819124283
70000,0.29042479200005905,0.19945846277635115,0.023432796884021563,0.01974640321671849
