step,N_round,MAX_round,2_MAX_round,N_elongated,MAX_elongated,2_MAX_elongated,N_round_2,MAX_round_2,2_MAX_round_2,N_elongated_2,MAX_elongated_2,2_MAX_elongated_2
100,856.921875,620.09375,145.734375,0.0,0.0,0.0,10.578125,1988.75,2.09375,0.0,0.0,0.0
200,213.9375,36.59375,13.734375,1063.265625,23.375,18.390625,138.265625,70.78125,22.484375,27.859375,1565.234375,11.21875
300,229.421875,30.109375,21.3125,785.6875,39.296875,28.984375,143.359375,56.734375,38.28125,39.21875,1381.734375,18.25
400,206.59375,53.78125,37.171875,627.671875,51.265625,37.484375,127.140625,100.953125,59.40625,49.859375,1241.28125,32.375
500,180.640625,86.1875,53.28125,535.828125,59.171875,41.765625,110.75,142.75,78.109375,56.953125,1148.65625,43.609375
600,156.890625,123.453125,74.984375,482.265625,68.90625,49.390625,97.765625,178.671875,94.0,60.09375,1066.65625,61.3125
700,143.546875,154.390625,86.625,448.734375,77.03125,55.21875,90.0,208.34375,111.984375,60.1875,1061.03125,62.125
800,132.328125,172.734375,93.40625,436.0,89.0625,63.203125,84.015625,225.21875,113.40625,58.796875,1064.859375,54.640625
900,123.171875,215.078125,98.515625,419.53125,98.046875,67.6875,80.265625,273.28125,118.234375,59.328125,1018.828125,76.8125
1000,118.3125,247.515625,107.6875,401.703125,109.90625,66.703125,76.09375,311.53125,122.890625,59.96875,1005.109375,76.015625
1100,110.75,291.375,106.03125,395.765625,114.21875,72.578125,71.625,349.34375,111.96875,61.421875,974.546875,71.75
1200,107.453125,311.796875,103.90625,387.703125,119.046875,82.546875,70.65625,365.625,115.609375,59.3125,1021.921875,62.234375
1300,101.15625,335.03125,109.796875,378.203125,127.46875,83.828125,66.578125,386.046875,116.96875,59.328125,994.328125,80.75
1400,98.859375,333.15625,102.375,370.984375,144.21875,82.796875,64.828125,392.484375,108.21875,56.203125,1003.140625,80.15625
1500,92.84375,354.25,106.90625,365.046875,152.640625,91.90625,62.0625,412.453125,112.6875,57.8125,975.0625,83.765625
1600,91.5,356.703125,107.375,355.46875,155.78125,95.71875,60.21875,416.234375,107.5,56.234375,1011.203125,68.453125
1700,91.734375,389.9375,101.515625,357.15625,163.171875,95.40625,60.328125,434.0625,108.90625,56.046875,1002.234375,72.125
1800,87.9375,414.5,90.265625,352.34375,174.09375,103.5,57.40625,457.109375,99.71875,55.703125,984.828125,77.375
1900,86.578125,417.046875,92.28125,352.3125,189.015625,100.09375,57.5,467.40625,95.1875,54.09375,1015.765625,65.234375
2000,85.0,403.734375,98.484375,350.515625,206.015625,104.859375,56.375,454.9375,99.578125,55.359375,1008.4375,72.09375
2100,85.0625,411.234375,94.140625,346.859375,206.328125,110.828125,56.609375,470.5625,100.46875,55.796875,1027.953125,61.375
2200,84.125,398.5625,92.4375,350.296875,227.671875,105.234375,55.71875,437.921875,102.421875,53.671875,1009.609375,79.765625
2300,83.984375,406.34375,89.0625,347.5,230.0,117.65625,56.453125,449.0625,97.984375,53.8125,1045.5625,70.578125
2400,85.3125,399.34375,80.828125,340.75,240.25,120.734375,57.078125,453.4375,79.84375,54.578125,1028.046875,76.140625
2500,83.28125,382.40625,87.671875,343.453125,242.578125,123.921875,55.34375,429.53125,88.40625,54.6875,1020.03125,88.9375
2600,83.640625,369.984375,83.40625,343.890625,259.359375,127.515625,55.40625,406.296875,90.734375,52.9375,1044.3125,83.046875
2700,82.6875,351.703125,93.34375,343.84375,265.875,135.953125,55.78125,394.921875,87.875,52.65625,1096.09375,63.296875
2800,84.125,347.546875,87.421875,339.328125,289.421875,124.046875,56.25,379.375,98.046875,52.140625,1081.296875,72.359375
2900,81.78125,322.6875,94.640625,340.84375,278.890625,141.46875,55.609375,365.21875,100.234375,52.015625,1107.25,63.984375
3000,81.203125,314.9375,89.140625,339.3125,294.6875,135.453125,55.75,354.828125,95.375,52.78125,1115.46875,57.40625
3100,82.140625,314.546875,85.28125,333.34375,300.34375,139.734375,56.171875,351.21875,92.84375,51.40625,1121.75,60.84375
3200,81.5,306.234375,85.9375,334.015625,330.90625,120.75,55.65625,341.390625,86.953125,53.15625,1149.65625,40.78125
3300,81.625,306.84375,88.921875,330.609375,310.21875,134.390625,55.78125,347.765625,96.515625,52.140625,1106.953125,68.796875
3400,80.5625,317.78125,93.125,329.8125,315.1875,134.71875,54.984375,351.296875,96.78125,53.40625,1131.6875,51.046875
3500,80.21875,317.625,92.453125,330.1875,337.171875,127.03125,54.203125,353.140625,96.5625,53.203125,1124.453125,56.15625
3600,79.171875,304.703125,90.3125,335.484375,323.046875,147.234375,54.5625,362.28125,84.5625,51.546875,1136.015625,56.140625
3700,78.9375,309.375,86.703125,328.578125,321.0625,138.328125,53.515625,353.421875,92.515625,50.875,1141.15625,62.15625
3800,78.203125,317.578125,86.75,322.21875,330.3125,144.8125,54.46875,352.984375,98.359375,50.515625,1131.734375,61.34375
3900,79.671875,308.28125,97.953125,322.21875,325.171875,137.65625,54.71875,354.78125,99.75,52.0,1138.609375,50.546875
4000,78.421875,311.15625,98.40625,320.015625,330.734375,136.546875,53.734375,357.75,97.09375,51.84375,1094.46875,73.921875
4100,78.171875,319.671875,93.171875,320.5625,325.859375,134.90625,53.484375,354.65625,104.65625,52.046875,1111.40625,62.21875
4200,77.296875,322.484375,90.375,323.21875,322.625,141.5625,52.984375,363.203125,96.125,52.359375,1109.046875,61.203125
4300,76.890625,316.875,95.96875,322.203125,317.328125,142.34375,52.40625,347.421875,103.25,51.171875,1148.796875,43.9375
4400,75.75,314.0,96.890625,317.65625,350.015625,143.265625,52.75,352.21875,98.65625,52.1875,1134.8125,52.1875
4500,75.546875,333.796875,87.53125,320.375,356.4375,144.875,52.265625,360.84375,92.46875,51.25,1133.09375,51.078125
4600,73.5,323.703125,97.046875,315.875,363.421875,140.25,50.0,365.1875,98.71875,51.171875,1110.390625,61.1875
4700,73.21875,308.171875,103.875,320.84375,365.21875,135.0,49.390625,348.515625,115.140625,52.09375,1099.15625,74.1875
4800,74.65625,315.828125,97.203125,320.03125,355.859375,134.015625,51.734375,358.625,93.265625,53.03125,1111.90625,59.96875
4900,73.703125,291.671875,103.859375,322.53125,344.015625,148.984375,49.75,341.046875,106.25,49.84375,1112.5,63.46875
5000,70.921875,311.296875,91.34375,326.609375,363.0625,148.046875,48.40625,346.9375,95.34375,50.421875,1125.921875,76.34375
5100,72.9375,305.25,93.703125,324.625,408.140625,141.40625,50.0,340.625,94.4375,50.78125,1172.8125,47.828125
5200,71.484375,298.75,95.90625,322.296875,394.125,140.15625,50.15625,338.328125,98.15625,51.375,1140.03125,60.875
5300,72.40625,297.90625,98.265625,325.515625,416.203125,139.453125,50.890625,333.984375,100.34375,51.609375,1177.53125,45.546875
5400,73.8125,281.78125,93.984375,327.15625,435.28125,137.4375,50.8125,315.4375,99.828125,51.578125,1164.65625,47.046875
5500,72.859375,269.046875,97.890625,320.703125,425.65625,135.84375,50.75,315.921875,102.265625,52.453125,1155.921875,62.234375
5600,72.953125,261.796875,100.8125,320.5625,405.09375,139.25,50.140625,303.03125,104.3125,50.859375,1161.359375,61.765625
5700,74.21875,271.15625,101.265625,319.265625,410.796875,148.515625,51.625,316.078125,99.890625,52.328125,1159.125,56.34375
5800,72.015625,270.703125,105.4375,319.734375,397.625,147.734375,50.34375,299.484375,112.453125,51.46875,1168.765625,61.734375
5900,74.21875,267.890625,98.609375,314.953125,399.953125,150.25,51.09375,306.96875,102.5,50.984375,1156.5625,51.78125
6000,72.75,256.796875,101.328125,322.40625,412.796875,140.671875,50.9375,292.515625,107.8125,50.203125,1179.53125,51.65625
6100,73.75,274.234375,100.625,321.609375,415.421875,136.09375,51.5625,303.421875,100.921875,51.984375,1182.8125,48.515625
6200,73.90625,258.59375,104.359375,320.640625,425.5,135.71875,51.734375,296.828125,105.5625,51.28125,1168.765625,62.0625
6300,72.0625,262.3125,96.234375,320.96875,429.953125,148.828125,50.0625,294.890625,103.328125,51.09375,1155.046875,76.21875
6400,72.296875,252.890625,98.390625,314.515625,439.96875,156.703125,49.8125,286.953125,106.078125,51.078125,1169.0625,63.625
6500,72.953125,263.703125,99.46875,313.453125,443.5625,153.21875,51.046875,296.359375,99.890625,50.265625,1202.03125,52.6875
6600,72.609375,258.796875,95.875,319.6875,450.90625,153.203125,50.0,291.875,98.0625,51.25,1195.859375,57.90625
6700,73.296875,250.484375,92.296875,313.703125,462.421875,148.3125,50.34375,290.15625,91.78125,49.96875,1207.734375,54.84375
6800,70.59375,251.3125,93.8125,314.234375,471.375,157.203125,49.296875,291.8125,89.9375,48.609375,1207.078125,59.25
6900,71.15625,242.8125,90.609375,315.703125,504.890625,141.875,49.65625,279.796875,97.921875,51.703125,1207.28125,57.734375
7000,70.3125,250.765625,92.890625,316.640625,468.71875,158.84375,50.046875,282.5,94.171875,51.640625,1213.15625,47.203125
7100,69.109375,248.71875,96.3125,312.984375,481.09375,135.0625,49.109375,280.46875,100.5625,51.453125,1184.765625,66.265625
7200,70.8125,240.6875,97.484375,312.59375,475.828125,156.671875,49.25,268.734375,105.5625,50.65625,1213.5625,56.328125
7300,69.46875,240.90625,96.15625,312.6875,477.78125,156.0625,49.0625,266.390625,100.296875,49.0,1233.78125,55.59375
7400,70.640625,224.125,101.453125,310.265625,494.484375,156.75,49.828125,255.53125,106.78125,50.59375,1219.515625,61.953125
7500,71.09375,219.796875,100.609375,314.375,512.84375,159.328125,50.65625,256.578125,99.96875,48.890625,1250.90625,46.703125
7600,71.59375,213.921875,101.0,310.0,489.15625,172.65625,51.296875,241.609375,101.984375,49.875,1259.78125,40.40625
7700,72.140625,227.3125,88.90625,307.109375,487.984375,169.65625,51.421875,253.28125,95.96875,48.734375,1253.765625,51.484375
7800,72.59375,232.28125,82.609375,307.546875,500.171875,177.484375,51.53125,260.65625,86.796875,49.59375,1241.015625,55.671875
7900,72.390625,226.640625,90.75,309.390625,541.234375,148.96875,51.0625,257.59375,91.953125,50.796875,1238.296875,61.109375
8000,69.21875,234.046875,90.203125,305.234375,513.96875,159.203125,49.59375,257.328125,95.484375,49.125,1233.890625,59.296875
8100,70.171875,241.96875,87.34375,304.234375,529.703125,155.84375,49.0625,275.34375,87.984375,50.0,1230.171875,69.140625
8200,69.25,239.8125,87.265625,307.734375,534.34375,150.40625,49.234375,264.0625,93.109375,49.71875,1225.546875,81.34375
8300,68.5,238.109375,88.734375,302.03125,515.5,171.234375,49.0,265.421875,92.375,50.03125,1247.90625,58.953125
8400,69.96875,222.390625,97.140625,299.078125,532.140625,155.0625,49.84375,253.703125,99.3125,49.734375,1265.359375,42.0
8500,68.71875,234.3125,92.703125,297.046875,511.6875,177.265625,49.25,252.171875,100.65625,48.25,1262.171875,42.375
8600,70.0,224.109375,90.046875,302.859375,549.046875,153.859375,49.875,256.0,92.203125,49.65625,1261.046875,38.375
8700,70.078125,235.484375,94.390625,298.015625,524.234375,166.03125,50.0625,254.96875,104.515625,48.734375,1265.859375,41.796875
8800,70.796875,223.828125,98.5625,299.171875,486.890625,178.421875,49.96875,249.546875,106.75,48.046875,1237.640625,55.34375
8900,70.875,224.625,96.6875,300.484375,496.1875,173.96875,49.984375,247.984375,104.953125,47.640625,1233.640625,57.6875
9000,69.59375,225.75,102.671875,305.984375,525.328125,159.5625,49.25,263.15625,101.640625,50.859375,1224.515625,59.703125
9100,69.734375,219.40625,100.328125,306.375,520.6875,155.890625,49.015625,256.6875,102.21875,49.65625,1227.46875,65.046875
9200,68.578125,237.296875,94.03125,301.75,561.25,138.796875,48.90625,261.203125,101.34375,49.609375,1241.65625,58.875
9300,70.15625,233.46875,89.71875,300.4375,548.859375,162.171875,50.453125,258.078125,95.75,49.3125,1246.65625,60.390625
9400,69.140625,219.71875,97.28125,301.84375,562.4375,136.421875,49.046875,253.84375,98.015625,48.78125,1254.140625,54.40625
9500,68.890625,228.0625,92.84375,303.65625,516.09375,160.34375,48.515625,260.90625,92.0625,48.109375,1268.28125,45.921875
9600,71.0625,226.609375,91.703125,302.90625,551.546875,146.0,50.140625,260.515625,95.71875,48.640625,1263.6875,48.5625
9700,70.25,232.828125,83.671875,303.125,546.125,157.765625,48.921875,263.0,87.109375,49.5,1275.421875,37.203125
9800,69.3125,246.296875,80.796875,298.578125,534.734375,156.375,49.484375,280.53125,77.875,48.75,1247.078125,62.4375
9900,68.4375,234.234375,88.09375,303.265625,519.765625,173.875,48.328125,270.84375,87.09375,50.1875,1245.28125,50.265625
10000,65.109375,237.234375,91.234375,297.40625,521.25,163.40625,46.34375,266.3125,92.65625,49.78125,1245.4375,52.453125
10100,65.125,238.28125,94.21875,301.890625,522.84375,167.265625,46.921875,262.375,97.046875,52.171875,1233.125,61.71875
10200,66.046875,241.859375,90.625,302.65625,528.0,161.53125,47.25,274.21875,95.984375,49.953125,1244.8125,55.28125
10300,65.625,237.0625,91.53125,302.046875,529.75,173.1875,46.640625,266.3125,93.765625,50.078125,1247.3125,53.28125
10400,65.5625,223.46875,92.53125,300.5,533.421875,162.546875,46.5625,261.5625,94.5,49.890625,1254.3125,51.0
10500,67.15625,225.203125,89.125,299.609375,573.34375,157.15625,47.21875,251.125,95.25,49.09375,1259.609375,56.28125
10600,67.78125,223.84375,89.9375,299.28125,583.984375,169.328125,47.21875,246.796875,102.421875,48.859375,1271.25,48.0
10700,66.515625,239.171875,84.90625,301.25,533.90625,157.625,48.578125,265.53125,82.4375,47.8125,1281.34375,44.71875
10800,64.890625,241.609375,87.40625,299.15625,555.84375,155.671875,47.28125,272.90625,82.546875,49.5,1254.828125,59.296875
10900,62.6875,250.015625,80.5625,297.609375,569.453125,162.140625,45.28125,271.15625,82.734375,50.203125,1256.09375,52.765625
11000,64.765625,246.6875,77.609375,292.9375,602.0625,137.96875,47.03125,266.359375,84.078125,47.59375,1267.625,48.578125
11100,65.703125,230.1875,83.53125,295.390625,602.984375,145.46875,47.578125,258.75,82.125,50.296875,1273.984375,42.609375
11200,65.265625,220.15625,88.984375,290.015625,574.703125,168.90625,46.328125,239.0,97.484375,50.671875,1262.15625,45.90625
11300,66.359375,229.140625,85.375,292.375,602.421875,157.71875,48.0,244.953125,96.4375,51.046875,1246.40625,59.625
11400,65.328125,214.4375,93.609375,292.765625,563.546875,160.9375,46.90625,242.15625,97.90625,49.359375,1270.59375,48.890625
11500,65.65625,207.328125,96.234375,296.4375,546.8125,189.265625,47.125,233.921875,103.546875,50.609375,1249.0625,49.640625
11600,66.984375,204.515625,95.46875,297.125,579.5625,158.765625,47.734375,225.53125,102.75,50.109375,1258.125,50.890625
11700,65.5,207.6875,97.375,299.09375,578.328125,175.25,47.328125,228.3125,108.609375,48.265625,1258.203125,57.65625
11800,65.5625,205.953125,92.1875,294.46875,583.84375,171.296875,47.796875,225.9375,97.0,49.234375,1271.65625,47.046875
11900,68.296875,201.890625,91.75,293.046875,596.015625,156.953125,49.3125,235.609375,91.828125,47.78125,1262.25,61.25
12000,66.75,205.421875,85.203125,293.546875,556.765625,173.25,49.0625,231.546875,91.78125,48.375,1286.53125,49.484375
12100,66.984375,195.4375,95.578125,294.6875,600.46875,160.515625,48.75,221.75,101.875,49.421875,1281.578125,48.828125
12200,66.03125,209.453125,87.921875,299.328125,580.140625,153.15625,47.140625,230.109375,90.75,50.0,1278.4375,49.484375
12300,65.578125,213.21875,87.125,300.0,601.15625,161.40625,46.90625,240.953125,89.453125,49.8125,1272.90625,56.96875
12400,65.8125,211.96875,89.375,297.390625,607.09375,163.296875,46.53125,232.78125,95.4375,49.75,1282.609375,47.140625
12500,64.359375,221.40625,91.65625,294.046875,589.21875,172.984375,46.609375,239.890625,97.234375,49.015625,1295.578125,36.828125
12600,64.953125,219.8125,95.296875,296.421875,613.78125,158.0625,46.328125,247.6875,93.34375,50.09375,1262.703125,59.25
12700,64.734375,232.359375,90.78125,291.953125,600.484375,167.984375,47.015625,254.5625,95.078125,49.546875,1266.078125,53.328125
12800,65.578125,233.75,86.125,294.546875,574.0625,155.0,47.203125,266.234375,86.140625,49.359375,1257.25,63.671875
12900,64.609375,247.890625,86.625,297.359375,607.515625,146.359375,47.328125,267.015625,88.78125,51.21875,1259.046875,50.75
13000,64.765625,234.640625,92.390625,294.9375,624.890625,146.40625,46.671875,254.5,93.078125,48.96875,1287.796875,45.46875
13100,65.265625,233.703125,88.09375,291.515625,618.921875,155.484375,47.484375,249.125,93.515625,48.0,1299.296875,38.25
13200,65.78125,242.546875,79.421875,290.328125,643.734375,151.0,47.53125,259.109375,80.484375,48.515625,1276.453125,47.71875
13300,64.84375,233.125,84.390625,288.046875,646.75,132.4375,47.9375,262.40625,81.015625,49.046875,1280.015625,42.859375
13400,66.34375,243.90625,70.671875,291.84375,634.921875,143.375,47.640625,258.78125,75.953125,50.28125,1262.59375,59.0
13500,64.890625,244.5625,74.015625,294.390625,660.25,129.296875,46.53125,267.96875,77.75,50.25,1260.125,56.09375
13600,64.90625,229.859375,78.015625,298.109375,623.546875,147.34375,46.625,253.796875,81.3125,50.65625,1274.6875,50.859375
13700,65.265625,222.75,79.953125,297.265625,623.59375,159.109375,46.40625,247.6875,84.75,50.390625,1287.03125,44.125
13800,65.15625,221.640625,83.609375,297.140625,629.40625,142.109375,46.84375,242.96875,86.15625,49.46875,1276.140625,51.34375
13900,63.71875,220.5,82.515625,297.546875,574.34375,182.65625,45.953125,244.90625,89.21875,49.515625,1260.84375,67.59375
14000,63.625,217.328125,84.46875,297.25,617.078125,162.296875,46.078125,240.5625,85.921875,50.140625,1280.28125,57.59375
14100,63.28125,213.0625,87.6875,295.25,623.453125,164.96875,45.6875,231.734375,93.453125,49.515625,1274.296875,62.546875
14200,62.390625,216.765625,86.265625,293.765625,633.78125,168.21875,45.875,231.3125,92.703125,50.46875,1277.578125,65.703125
14300,62.609375,234.28125,79.46875,289.875,631.859375,163.484375,44.96875,247.421875,83.125,50.875,1259.703125,75.078125
14400,64.203125,232.4375,79.859375,285.109375,615.796875,178.0,46.375,245.109375,84.640625,50.8125,1267.390625,62.5625
14500,63.265625,233.78125,83.765625,284.0625,614.3125,160.328125,45.359375,260.71875,87.3125,51.34375,1272.71875,54.65625
14600,61.453125,252.296875,87.3125,288.28125,615.78125,149.609375,45.25,270.1875,89.453125,51.59375,1265.703125,55.671875
14700,62.28125,250.15625,91.3125,291.875,614.515625,140.515625,45.828125,271.421875,95.53125,52.296875,1250.75,56.546875
14800,60.71875,242.890625,88.578125,289.25,615.6875,150.53125,44.109375,276.453125,81.796875,51.71875,1267.96875,50.859375
14900,61.34375,244.078125,88.25,291.96875,586.609375,167.453125,44.578125,264.078125,91.59375,50.203125,1264.953125,55.15625
15000,61.390625,234.359375,92.84375,286.46875,618.609375,145.140625,44.015625,251.625,98.34375,50.40625,1284.546875,38.9375
15100,62.296875,237.953125,85.140625,286.921875,605.46875,155.109375,44.609375,263.71875,86.34375,48.5,1289.390625,49.25
15200,63.03125,222.515625,91.546875,286.21875,606.140625,152.546875,44.265625,252.25,93.640625,48.96875,1286.65625,47.421875
15300,61.375,226.390625,93.515625,290.5625,672.921875,140.265625,45.140625,248.28125,95.8125,48.265625,1289.875,48.640625
15400,62.28125,231.4375,87.796875,291.109375,651.640625,158.578125,45.53125,252.03125,90.5,49.015625,1291.765625,51.921875
15500,63.609375,222.640625,90.5,296.109375,658.359375,146.765625,46.171875,245.5625,91.8125,48.84375,1303.265625,47.765625
15600,64.53125,221.828125,79.0625,292.078125,669.015625,149.90625,47.203125,236.984375,86.5625,47.96875,1324.765625,44.75
15700,66.625,209.84375,82.34375,294.34375,681.0,143.921875,48.34375,223.921875,87.03125,47.25,1346.515625,35.078125
15800,66.0625,194.140625,79.265625,292.40625,686.671875,136.59375,48.1875,219.140625,84.1875,48.15625,1350.28125,33.234375
15900,64.515625,187.4375,81.28125,290.234375,659.625,157.03125,47.4375,202.1875,82.75,47.46875,1322.109375,62.140625
16000,65.90625,197.671875,83.796875,282.140625,678.765625,165.59375,48.0,215.296875,85.59375,48.5,1324.953125,51.125
16100,66.28125,189.03125,78.578125,283.375,698.171875,160.421875,48.6875,203.53125,84.84375,49.09375,1341.28125,40.921875
16200,66.828125,194.0625,80.0,283.953125,689.5,158.8125,48.15625,213.53125,84.9375,49.890625,1300.859375,71.40625
16300,64.9375,196.453125,78.59375,287.5625,669.0625,166.359375,46.921875,214.75,83.71875,49.734375,1337.421875,40.5
16400,63.890625,200.875,85.3125,286.15625,631.625,176.0625,46.828125,216.640625,91.125,49.4375,1333.0625,36.859375
16500,64.578125,202.984375,86.75,289.296875,668.859375,150.0625,47.390625,221.90625,90.1875,50.765625,1306.59375,47.34375
16600,61.0,208.140625,86.59375,289.96875,650.578125,158.9375,44.421875,228.453125,91.640625,49.359375,1303.9375,50.140625
16700,60.390625,210.46875,90.546875,289.140625,651.703125,157.375,44.46875,233.09375,92.03125,49.359375,1290.46875,62.328125
16800,61.671875,210.28125,93.03125,289.96875,696.203125,142.3125,44.875,226.0,97.578125,50.015625,1311.203125,45.796875
16900,61.359375,224.59375,80.75,290.109375,662.875,156.9375,43.78125,244.796875,86.34375,50.921875,1319.0,35.359375
17000,60.984375,214.875,82.34375,289.765625,655.296875,159.1875,44.328125,234.75,86.609375,51.28125,1298.140625,50.796875
17100,61.34375,200.265625,87.4375,295.5625,661.015625,156.484375,44.921875,227.3125,92.921875,51.09375,1276.0,67.609375
17200,63.0,197.078125,82.609375,291.546875,658.96875,145.921875,45.203125,214.125,91.453125,50.046875,1297.59375,47.671875
17300,63.546875,192.84375,86.0,293.9375,651.75,149.703125,45.546875,209.953125,88.234375,49.453125,1304.125,52.21875
17400,63.390625,191.25,84.484375,292.90625,660.515625,146.71875,47.21875,211.984375,88.53125,50.90625,1301.5,51.859375
17500,64.578125,184.34375,87.53125,292.390625,678.515625,145.875,47.125,206.59375,91.109375,48.28125,1326.25,41.609375
17600,63.703125,193.09375,85.578125,287.75,698.6875,142.296875,46.703125,206.484375,92.640625,48.046875,1326.328125,47.4375
17700,64.1875,191.015625,82.015625,289.328125,701.578125,140.640625,46.90625,209.5625,85.34375,50.65625,1308.765625,49.03125
17800,64.21875,191.40625,81.546875,288.90625,696.328125,143.125,46.375,204.875,88.671875,49.90625,1325.25,43.859375
17900,63.625,199.125,81.625,285.953125,714.171875,129.828125,46.171875,216.71875,85.015625,49.0625,1335.78125,36.3125
18000,64.0,198.15625,76.859375,285.1875,680.046875,153.578125,46.140625,217.328125,81.125,51.171875,1309.859375,47.734375
18100,63.125,205.359375,78.03125,285.515625,676.953125,158.859375,46.125,229.296875,81.859375,50.203125,1292.546875,60.859375
18200,61.359375,212.34375,77.90625,285.078125,693.734375,154.546875,44.34375,225.859375,83.375,51.53125,1312.28125,43.59375
18300,62.34375,202.390625,83.546875,283.890625,715.46875,129.296875,45.75,218.421875,88.984375,52.078125,1294.4375,52.0
18400,61.6875,204.1875,84.515625,291.15625,683.671875,145.546875,44.421875,229.859375,85.1875,51.6875,1294.34375,47.21875
18500,62.1875,208.34375,81.03125,286.703125,710.28125,136.796875,44.78125,232.5,88.609375,51.515625,1296.171875,46.5
18600,61.03125,202.15625,89.078125,291.5,675.484375,131.765625,44.59375,221.25,93.109375,48.75,1304.03125,52.09375
18700,62.125,190.3125,96.828125,289.140625,674.21875,133.859375,46.015625,218.265625,96.125,50.375,1306.28125,51.828125
18800,63.140625,183.546875,98.03125,292.953125,663.609375,158.171875,46.71875,201.921875,101.328125,49.453125,1312.0625,46.21875
18900,63.109375,172.984375,88.8125,286.859375,687.453125,149.375,46.203125,196.390625,97.671875,48.234375,1333.953125,47.28125
19000,62.921875,190.5,79.375,285.953125,703.578125,148.140625,46.109375,212.765625,79.765625,48.75,1340.640625,43.96875
19100,65.453125,186.515625,87.765625,287.4375,678.96875,162.25,47.609375,210.46875,87.03125,48.0625,1301.1875,76.84375
19200,64.078125,196.1875,75.453125,287.09375,698.046875,142.359375,47.40625,215.65625,82.4375,49.65625,1303.5625,61.390625
19300,66.265625,197.078125,75.078125,288.28125,670.4375,158.734375,48.375,212.6875,83.59375,48.546875,1322.171875,46.328125
19400,66.671875,192.828125,78.28125,290.71875,684.703125,146.984375,47.640625,212.125,81.484375,48.515625,1303.46875,57.515625
19500,64.28125,187.78125,84.78125,288.140625,693.515625,143.78125,46.109375,214.03125,87.296875,48.65625,1316.6875,45.859375
19600,62.6875,188.703125,86.5625,289.78125,687.4375,154.1875,45.34375,207.4375,90.859375,49.59375,1323.921875,42.734375
19700,64.046875,193.78125,89.359375,290.421875,655.875,156.078125,46.65625,213.1875,91.03125,48.109375,1328.890625,47.8125
19800,64.21875,197.1875,94.3125,288.078125,660.09375,165.703125,47.65625,211.1875,99.078125,48.84375,1326.59375,42.90625
19900,64.3125,199.65625,94.21875,279.875,658.71875,182.640625,46.484375,215.046875,99.765625,49.4375,1323.578125,36.484375
20000,63.453125,197.109375,91.046875,280.078125,689.171875,172.03125,46.28125,219.328125,96.15625,49.03125,1310.5,53.546875
20100,65.0,210.9375,83.296875,280.65625,704.234375,150.046875,47.046875,234.390625,86.1875,49.34375,1296.328125,55.34375
20200,63.234375,223.875,77.1875,283.65625,665.953125,163.625,45.84375,237.140625,80.671875,48.78125,1289.828125,62.75
20300,64.046875,214.796875,77.6875,289.578125,691.375,144.546875,46.875,238.96875,79.515625,50.984375,1292.265625,62.1875
20400,63.65625,225.59375,73.3125,288.90625,661.453125,156.203125,45.828125,244.390625,79.15625,51.03125,1295.21875,61.109375
20500,61.71875,230.890625,76.3125,288.34375,700.3125,152.9375,45.46875,257.78125,78.609375,51.234375,1287.59375,62.3125
20600,64.046875,223.5625,72.0625,287.203125,661.421875,155.171875,46.265625,243.421875,75.046875,50.6875,1283.609375,66.0625
20700,64.78125,205.4375,76.046875,294.4375,694.734375,146.109375,46.046875,227.109375,78.140625,50.65625,1306.65625,46.53125
20800,63.046875,195.390625,80.15625,291.25,718.859375,130.140625,45.515625,216.640625,88.5,50.671875,1337.265625,34.1875
20900,63.265625,204.640625,80.28125,288.71875,724.421875,143.03125,45.65625,221.171875,90.515625,50.171875,1332.375,35.703125
21000,62.015625,208.25,80.234375,286.203125,694.671875,163.34375,45.234375,221.484375,85.96875,49.875,1284.0625,63.921875
21100,60.5,206.78125,87.5625,287.90625,696.796875,150.25,43.390625,229.890625,90.296875,52.8125,1305.375,45.21875
21200,60.46875,212.9375,84.890625,286.28125,685.15625,158.859375,43.984375,226.5625,96.046875,49.953125,1315.5,41.65625
21300,62.375,198.84375,92.65625,284.859375,671.515625,155.59375,44.71875,221.8125,97.359375,50.296875,1287.890625,58.296875
21400,61.890625,208.078125,92.9375,284.640625,674.265625,153.484375,45.6875,223.03125,95.6875,48.28125,1310.53125,49.953125
21500,63.046875,197.4375,99.546875,285.25,660.921875,161.96875,45.859375,212.015625,105.8125,49.0625,1320.8125,43.59375
21600,62.703125,198.921875,95.703125,283.609375,676.359375,153.34375,46.0625,215.53125,101.109375,48.359375,1324.796875,46.546875
21700,61.90625,201.265625,92.265625,282.390625,673.59375,159.75,45.5,226.734375,95.234375,48.34375,1324.625,39.53125
21800,65.125,193.21875,87.96875,287.71875,674.234375,155.984375,47.53125,218.0625,93.890625,49.234375,1296.953125,59.859375
21900,65.625,205.03125,82.875,285.609375,677.84375,157.578125,47.703125,219.96875,88.625,48.578125,1320.78125,39.4375
22000,65.375,193.8125,83.953125,286.78125,675.578125,159.8125,46.546875,222.671875,86.703125,47.875,1324.03125,44.640625
22100,65.65625,195.671875,88.546875,287.671875,680.96875,158.96875,48.0,213.796875,90.71875,49.65625,1316.953125,42.96875
22200,63.890625,201.984375,87.921875,289.484375,678.921875,150.140625,46.9375,216.390625,91.375,49.03125,1299.625,52.53125
22300,64.21875,204.578125,86.796875,289.21875,664.3125,153.828125,46.734375,233.1875,87.546875,49.734375,1294.078125,51.140625
22400,62.0625,210.203125,87.015625,281.171875,668.890625,148.34375,45.4375,231.328125,95.859375,48.8125,1299.421875,54.671875
22500,63.015625,199.75,93.890625,277.703125,674.140625,148.234375,46.671875,223.4375,96.96875,49.03125,1300.390625,52.578125
22600,62.890625,197.921875,93.765625,286.4375,655.9375,148.3125,46.5,229.28125,92.484375,48.25,1315.9375,44.40625
22700,64.40625,193.09375,88.78125,287.5625,710.90625,130.484375,46.1875,215.71875,93.53125,47.34375,1325.34375,43.328125
22800,64.015625,192.0625,90.71875,289.328125,663.546875,150.40625,46.46875,212.40625,92.53125,47.1875,1316.0625,44.65625
22900,63.4375,197.71875,85.875,289.71875,643.015625,174.5,46.03125,218.75,88.203125,48.9375,1331.875,41.515625
23000,63.65625,202.5,83.515625,296.046875,666.765625,160.359375,46.1875,216.09375,92.890625,47.921875,1340.5,37.671875
23100,64.328125,184.984375,85.40625,288.578125,679.421875,158.1875,46.546875,210.796875,87.046875,46.859375,1331.15625,47.640625
23200,63.78125,191.546875,85.890625,288.40625,689.75,151.421875,47.0,204.171875,91.015625,48.1875,1334.46875,40.3125
23300,64.21875,189.734375,89.796875,289.015625,714.84375,132.53125,46.390625,212.078125,90.71875,49.75,1320.8125,48.09375
23400,66.609375,181.875,83.5625,284.28125,698.15625,141.234375,47.90625,209.078125,87.125,47.84375,1333.1875,43.90625
23500,65.375,183.171875,88.046875,286.484375,682.09375,149.4375,47.890625,205.078125,89.34375,47.96875,1340.59375,42.5
23600,63.796875,200.46875,78.65625,288.03125,684.5,150.265625,46.5,211.421875,84.375,48.296875,1332.90625,51.0
23700,65.4375,197.546875,79.109375,288.890625,666.875,168.125,48.078125,215.65625,84.765625,47.890625,1344.078125,42.125
23800,63.59375,202.515625,76.375,285.21875,733.359375,121.5,46.484375,217.515625,82.265625,46.203125,1358.328125,34.015625
23900,64.125,205.828125,74.265625,279.828125,691.234375,158.203125,48.15625,220.0625,79.5625,46.796875,1339.9375,40.71875
24000,63.421875,215.9375,72.046875,283.21875,661.71875,155.921875,46.640625,228.953125,77.65625,48.203125,1341.546875,38.9375
24100,63.59375,215.109375,78.59375,285.046875,636.65625,171.796875,46.296875,230.484375,85.453125,48.1875,1333.1875,42.859375
24200,62.796875,210.171875,84.328125,285.203125,670.0625,160.65625,45.46875,229.71875,87.859375,50.125,1320.21875,39.140625
24300,62.8125,205.46875,82.84375,280.46875,671.078125,153.59375,45.609375,220.28125,89.9375,49.828125,1300.90625,53.3125
24400,63.09375,203.34375,83.84375,282.859375,657.484375,159.328125,45.671875,223.765625,89.875,48.15625,1299.28125,54.59375
24500,61.8125,208.6875,83.90625,284.578125,640.546875,167.953125,44.734375,233.25,86.375,49.671875,1308.078125,48.3125
24600,63.5,203.125,85.203125,287.40625,695.359375,148.828125,46.234375,224.859375,92.46875,48.75,1301.84375,53.234375
24700,62.796875,202.578125,80.75,289.5625,694.921875,137.625,45.046875,239.453125,80.75,49.625,1309.34375,48.421875
24800,62.8125,203.75,87.296875,285.5,690.46875,134.140625,45.046875,222.171875,92.125,49.34375,1297.140625,61.25
24900,62.609375,205.65625,84.453125,291.03125,661.28125,144.5625,44.75,229.78125,89.0625,49.453125,1307.1875,59.8125
25000,64.0,202.578125,84.3125,287.4375,673.15625,149.828125,45.796875,226.296875,85.703125,48.640625,1323.984375,48.5625
25100,64.625,200.609375,81.5,287.203125,649.375,169.34375,47.703125,219.6875,90.078125,48.265625,1345.28125,33.15625
25200,63.28125,218.6875,85.65625,282.390625,695.390625,143.5,46.21875,239.78125,86.125,49.71875,1292.203125,68.671875
25300,63.34375,214.671875,90.609375,282.578125,666.875,165.703125,45.359375,232.78125,93.40625,50.171875,1285.109375,57.703125
25400,61.03125,205.890625,97.890625,284.875,661.34375,158.34375,44.546875,223.9375,102.21875,49.625,1296.0625,44.4375
25500,59.484375,236.09375,85.796875,281.421875,657.40625,159.484375,43.59375,252.21875,92.4375,50.40625,1287.46875,50.84375
25600,60.1875,238.328125,79.78125,285.15625,641.65625,161.59375,43.46875,254.140625,84.0625,50.53125,1260.171875,70.984375
25700,60.515625,229.46875,83.34375,284.25,653.890625,156.59375,44.890625,252.390625,86.109375,50.578125,1274.546875,50.546875
25800,61.296875,236.1875,84.53125,286.484375,656.15625,153.0,45.15625,257.8125,87.0625,50.84375,1267.984375,66.71875
25900,61.78125,218.921875,88.09375,281.1875,666.421875,147.421875,44.875,241.859375,91.53125,49.34375,1294.78125,45.796875
26000,62.96875,226.890625,82.390625,283.609375,660.5625,159.953125,45.703125,244.421875,88.0,49.46875,1296.921875,44.984375
26100,62.578125,212.03125,86.421875,287.984375,652.5,156.140625,45.265625,248.75,85.484375,49.703125,1297.5,47.734375
26200,62.203125,225.5625,87.359375,283.796875,680.359375,153.53125,45.375,245.484375,90.171875,48.140625,1310.34375,40.65625
26300,62.375,234.28125,81.359375,284.0625,683.265625,149.546875,45.5,248.359375,86.828125,49.71875,1298.359375,46.21875
26400,62.65625,221.375,83.8125,277.71875,663.5,171.421875,45.703125,244.0,88.140625,49.15625,1300.875,52.40625
26500,61.640625,221.0625,85.453125,277.328125,682.6875,164.078125,45.03125,240.28125,92.328125,48.578125,1313.40625,41.265625
26600,63.609375,218.109375,83.9375,283.046875,695.90625,142.859375,45.625,238.171875,86.296875,51.328125,1300.578125,39.5
26700,61.90625,207.796875,90.890625,285.703125,634.109375,156.59375,45.015625,231.96875,96.71875,49.734375,1288.9375,56.953125
26800,60.65625,211.453125,89.328125,293.984375,644.25,156.65625,43.96875,231.34375,95.8125,49.328125,1292.265625,54.84375
26900,60.65625,202.828125,90.984375,291.203125,636.5,167.421875,44.15625,220.703125,94.578125,49.34375,1289.046875,45.40625
27000,58.59375,204.703125,99.078125,289.4375,635.234375,167.21875,41.984375,230.34375,98.828125,51.015625,1269.796875,59.671875
27100,60.78125,214.6875,86.796875,286.609375,678.015625,153.46875,44.890625,233.59375,87.0625,50.4375,1286.453125,50.0
27200,61.8125,223.8125,84.53125,285.25,691.046875,142.8125,45.515625,239.78125,93.828125,49.203125,1289.984375,58.234375
27300,60.53125,224.25,82.4375,288.484375,653.671875,170.96875,44.40625,243.890625,85.15625,50.6875,1289.703125,49.71875
27400,61.046875,217.71875,95.828125,283.296875,677.796875,154.5625,44.6875,231.234375,102.90625,50.4375,1276.34375,53.84375
27500,61.890625,208.34375,96.390625,284.875,700.78125,153.40625,44.59375,237.421875,92.5625,49.75,1302.21875,43.578125
27600,59.375,214.46875,96.875,284.78125,741.328125,132.5,43.65625,236.546875,96.859375,52.046875,1271.0625,70.5625
27700,61.265625,224.5625,85.078125,279.921875,680.328125,155.78125,43.984375,242.3125,92.90625,50.015625,1294.078125,39.46875
27800,61.25,221.875,92.0625,285.65625,668.84375,162.640625,44.40625,232.25,102.359375,51.140625,1267.390625,54.421875
27900,60.140625,215.9375,95.890625,280.734375,681.359375,155.5,43.96875,244.140625,94.09375,50.90625,1257.984375,54.296875
28000,60.359375,220.28125,96.46875,286.40625,695.8125,146.6875,43.484375,239.4375,99.46875,50.171875,1276.90625,55.015625
28100,60.3125,231.015625,84.703125,288.515625,658.0625,171.09375,43.859375,259.3125,82.078125,49.75,1307.859375,41.96875
28200,62.28125,225.1875,83.3125,290.75,676.703125,139.5,43.59375,252.296875,86.609375,51.03125,1284.65625,51.078125
28300,61.140625,233.921875,79.78125,290.71875,683.546875,144.140625,42.8125,257.875,82.71875,49.453125,1293.484375,51.5
28400,58.953125,228.328125,85.390625,291.0625,677.5,144.9375,42.359375,257.9375,83.9375,50.578125,1270.546875,67.1875
28500,61.671875,212.265625,88.921875,289.59375,697.109375,131.859375,44.25,236.765625,94.90625,49.859375,1292.875,51.640625
28600,60.53125,220.671875,89.09375,285.359375,671.78125,148.625,43.828125,242.78125,92.015625,50.65625,1287.9375,52.0
28700,59.875,201.75,91.453125,286.703125,674.484375,140.03125,43.390625,234.75,89.03125,48.234375,1306.484375,49.390625
28800,60.6875,210.3125,86.09375,288.40625,688.984375,146.8125,44.125,235.65625,86.9375,49.59375,1310.921875,48.640625
28900,60.96875,205.25,86.328125,291.25,673.375,162.453125,44.140625,225.890625,91.421875,50.046875,1300.40625,56.4375
29000,60.625,211.34375,84.09375,287.90625,667.640625,155.859375,43.921875,223.84375,88.875,49.15625,1314.171875,49.375
29100,63.09375,220.765625,79.453125,285.5,656.859375,166.953125,45.421875,246.0,83.140625,49.25,1309.03125,52.328125
29200,61.5,221.25,82.640625,287.859375,647.21875,168.421875,45.46875,241.671875,87.171875,49.375,1316.671875,47.984375
29300,63.453125,219.15625,77.265625,287.078125,686.265625,152.578125,46.265625,233.4375,82.375,48.9375,1315.5,48.734375
29400,61.4375,212.75,83.046875,287.265625,670.59375,160.75,45.015625,238.265625,80.625,48.640625,1316.703125,49.671875
29500,62.078125,203.421875,89.09375,285.5,659.453125,163.65625,45.078125,230.140625,89.1875,48.8125,1316.53125,46.75
29600,61.28125,196.078125,93.421875,288.125,653.4375,161.9375,45.34375,216.0625,96.90625,49.484375,1312.9375,49.578125
29700,61.640625,188.984375,92.171875,287.796875,675.5625,154.53125,44.59375,205.125,98.28125,50.15625,1317.5625,46.625
29800,62.21875,186.21875,91.390625,286.625,657.171875,147.8125,44.484375,204.421875,96.75,48.09375,1306.5625,64.46875
29900,63.328125,186.359375,88.734375,283.5625,682.65625,159.90625,45.84375,206.6875,97.15625,48.546875,1319.421875,50.828125
30000,61.078125,191.90625,90.421875,288.21875,666.765625,151.0,44.640625,214.65625,94.109375,49.375,1309.21875,63.8125
30100,62.265625,192.625,88.234375,293.96875,679.890625,142.296875,45.140625,216.53125,90.15625,49.234375,1334.5,46.546875
30200,61.625,193.03125,86.171875,290.21875,640.671875,161.34375,44.953125,206.9375,96.0625,50.34375,1328.421875,48.0625
30300,62.71875,194.234375,80.1875,289.640625,649.546875,171.03125,45.453125,216.484375,83.828125,49.03125,1331.609375,46.5625
30400,63.09375,187.28125,83.203125,286.671875,688.265625,153.3125,47.0625,203.484375,87.46875,49.171875,1328.84375,51.046875
30500,61.75,192.75,84.75,282.71875,707.53125,151.515625,45.9375,212.0625,87.21875,50.4375,1321.109375,47.25
30600,61.8125,198.984375,80.140625,284.8125,710.328125,146.09375,45.34375,220.765625,81.921875,51.25,1316.203125,53.59375
30700,61.09375,199.015625,90.25,285.203125,709.484375,150.9375,45.015625,218.0,91.984375,49.65625,1317.0625,46.21875
30800,60.328125,190.140625,86.421875,282.5,723.421875,142.359375,43.734375,209.734375,92.453125,51.21875,1305.75,53.140625
30900,60.671875,203.34375,84.734375,282.921875,674.421875,155.296875,44.140625,221.25,91.21875,51.421875,1299.0,53.0
31000,60.328125,213.625,83.375,286.03125,674.859375,155.875,43.546875,234.859375,87.015625,51.015625,1278.796875,73.859375
31100,62.53125,217.359375,85.015625,285.84375,659.78125,159.78125,45.140625,231.453125,90.6875,51.0625,1302.53125,58.25
31200,61.28125,212.46875,91.4375,280.765625,660.078125,167.3125,45.328125,235.671875,89.125,49.359375,1294.265625,59.59375
31300,62.4375,204.703125,91.828125,281.296875,670.6875,150.65625,45.1875,227.859375,93.96875,51.59375,1291.90625,51.46875
31400,62.078125,203.328125,92.0625,284.296875,660.765625,163.84375,45.140625,225.71875,96.5625,50.203125,1298.234375,48.953125
31500,63.109375,209.296875,90.546875,290.21875,651.484375,152.640625,45.15625,234.265625,91.921875,51.390625,1285.5625,50.796875
31600,64.609375,190.890625,86.140625,288.953125,676.171875,149.5,46.34375,222.1875,88.71875,50.0,1307.984375,47.15625
31700,66.34375,189.84375,77.984375,295.921875,654.515625,156.765625,47.796875,210.90625,85.46875,48.203125,1319.484375,55.671875
31800,65.78125,193.40625,81.640625,299.65625,683.15625,155.703125,47.8125,210.296875,87.203125,47.265625,1350.5,40.625
31900,64.328125,192.953125,79.234375,295.328125,673.828125,154.640625,47.375,207.359375,83.546875,47.203125,1350.296875,42.09375
32000,65.640625,189.5,81.46875,290.90625,661.109375,158.28125,47.859375,205.1875,87.390625,49.40625,1325.46875,52.28125
32100,64.328125,194.078125,80.6875,286.015625,696.53125,147.171875,46.5625,221.71875,83.78125,47.609375,1323.5,52.3125
32200,64.65625,191.953125,84.09375,284.65625,689.046875,157.875,46.03125,215.84375,86.625,49.234375,1319.09375,48.65625
32300,62.078125,195.859375,85.15625,290.0,691.1875,155.6875,44.71875,223.609375,89.0,49.59375,1292.5,60.59375
32400,61.6875,199.484375,82.828125,288.484375,682.1875,152.828125,44.828125,226.484375,82.46875,49.546875,1292.171875,60.390625
32500,62.625,210.546875,78.375,279.828125,732.53125,131.75,45.625,225.859375,82.203125,48.484375,1302.75,64.140625
32600,63.203125,196.125,80.203125,285.59375,717.109375,134.390625,46.265625,216.171875,85.625,49.09375,1317.6875,47.4375
32700,64.046875,200.453125,81.296875,286.734375,683.21875,163.1875,46.984375,225.046875,83.21875,48.78125,1318.375,54.375
32800,63.40625,193.734375,82.5625,286.34375,695.96875,143.0625,46.03125,218.9375,90.90625,49.125,1317.125,46.625
32900,62.453125,201.390625,84.90625,286.984375,684.171875,156.15625,45.25,218.75,88.171875,48.15625,1329.671875,35.453125
33000,63.0625,201.453125,82.640625,283.3125,664.390625,151.921875,45.578125,216.421875,83.65625,49.765625,1298.890625,57.375
33100,63.421875,217.15625,77.578125,280.359375,670.703125,164.359375,46.375,232.4375,85.25,48.921875,1297.953125,53.21875
33200,62.578125,220.5625,76.5625,280.53125,667.515625,177.21875,45.796875,233.921875,85.71875,51.15625,1299.3125,49.078125
33300,62.78125,217.671875,84.8125,281.609375,689.484375,163.71875,45.421875,234.90625,90.140625,50.296875,1300.671875,53.875
33400,60.703125,215.234375,87.59375,283.34375,643.375,166.8125,43.828125,242.109375,88.3125,50.859375,1303.609375,39.109375
33500,59.96875,209.328125,88.375,283.171875,690.5,151.125,43.203125,238.15625,89.8125,51.421875,1294.421875,46.359375
33600,59.359375,216.609375,86.015625,287.3125,651.703125,170.65625,42.75,239.78125,86.4375,50.390625,1302.5625,43.953125
33700,61.921875,210.9375,86.234375,284.59375,710.234375,136.265625,43.734375,232.59375,93.1875,49.453125,1303.0,47.578125
33800,61.046875,202.6875,90.53125,282.875,659.78125,154.71875,44.25,225.328125,91.4375,48.859375,1312.359375,46.515625
33900,62.9375,207.375,89.296875,284.109375,667.734375,158.75,45.140625,227.234375,87.671875,48.53125,1300.859375,49.46875
34000,60.453125,223.6875,76.3125,283.296875,648.5,177.0,43.609375,236.875,80.9375,48.5,1300.140625,56.140625
34100,59.5625,208.640625,84.828125,289.984375,675.4375,155.84375,43.15625,236.765625,86.859375,50.0,1282.515625,64.234375
34200,58.546875,210.5,84.859375,287.265625,654.21875,152.875,43.265625,233.953125,87.578125,48.609375,1312.703125,44.828125
34300,59.140625,214.875,88.03125,283.546875,680.015625,152.640625,44.0,238.703125,88.21875,49.640625,1306.234375,41.96875
34400,58.53125,215.734375,90.765625,284.59375,701.21875,158.71875,42.953125,233.6875,92.453125,50.9375,1296.875,51.328125
34500,58.9375,212.984375,89.09375,282.796875,692.75,174.234375,43.578125,230.296875,92.109375,51.28125,1292.921875,55.46875
34600,59.546875,217.828125,89.375,284.59375,703.03125,162.171875,43.515625,232.4375,98.765625,50.5625,1284.34375,62.4375
34700,58.296875,214.796875,97.0,280.21875,679.609375,148.625,42.640625,234.375,101.078125,48.921875,1293.25,51.96875
34800,59.296875,218.46875,91.53125,284.453125,688.78125,151.171875,43.265625,235.078125,95.828125,49.59375,1262.5625,74.953125
34900,60.296875,206.859375,98.953125,286.421875,674.46875,154.40625,44.53125,229.53125,104.796875,51.734375,1285.65625,50.578125
35000,60.796875,206.21875,102.390625,288.1875,674.1875,156.859375,44.140625,229.109375,105.140625,49.421875,1296.90625,51.015625
35100,62.53125,207.265625,93.28125,287.015625,666.453125,153.203125,45.390625,223.390625,98.1875,49.0,1299.546875,48.046875
35200,61.96875,207.125,87.515625,293.578125,654.0,169.828125,45.6875,220.6875,90.59375,49.5,1279.203125,66.28125
35300,61.84375,205.453125,83.546875,295.40625,666.1875,159.515625,43.828125,222.90625,89.109375,49.296875,1316.671875,49.515625
35400,62.640625,198.9375,82.140625,292.78125,629.9375,169.375,44.109375,219.421875,86.546875,48.984375,1328.78125,49.75
35500,63.453125,191.21875,84.671875,292.421875,646.609375,168.0,45.546875,209.9375,86.265625,47.609375,1337.25,45.015625
35600,64.390625,187.796875,80.484375,292.703125,670.859375,163.6875,46.53125,206.390625,82.734375,48.90625,1337.984375,45.09375
35700,63.875,190.53125,81.15625,291.328125,680.53125,153.0625,46.40625,206.328125,86.46875,49.53125,1303.0,62.328125
35800,64.265625,192.078125,80.796875,285.5,692.78125,159.84375,47.765625,209.1875,87.484375,48.59375,1310.21875,61.9375
35900,63.953125,200.484375,81.765625,286.109375,696.515625,156.109375,47.46875,221.765625,83.4375,49.53125,1334.265625,41.6875
36000,63.171875,199.21875,84.265625,286.625,668.734375,173.3125,46.0625,212.0,91.921875,48.25,1326.296875,48.21875
36100,62.09375,195.3125,89.46875,288.9375,637.359375,176.671875,45.578125,211.203125,94.140625,49.265625,1301.015625,59.46875
36200,60.96875,203.3125,91.4375,280.65625,677.109375,156.984375,45.21875,221.765625,93.515625,49.90625,1307.8125,47.90625
36300,61.296875,203.109375,88.9375,277.90625,657.5,172.09375,44.46875,222.421875,91.953125,49.34375,1301.375,49.71875
36400,60.75,198.640625,92.015625,280.109375,640.90625,189.0625,44.171875,213.78125,101.21875,49.9375,1287.03125,54.984375
36500,62.453125,200.671875,88.625,286.109375,644.3125,170.296875,45.0,219.6875,97.671875,50.1875,1308.796875,43.890625
36600,60.28125,207.390625,89.09375,286.703125,673.125,150.328125,43.703125,227.6875,92.390625,50.0,1297.65625,45.734375
36700,60.015625,218.234375,86.296875,286.390625,662.90625,149.15625,43.390625,238.90625,86.484375,48.28125,1292.5625,51.734375
36800,60.15625,211.109375,89.515625,287.359375,657.25,169.171875,43.46875,231.453125,91.828125,49.96875,1285.28125,59.609375
36900,59.953125,215.203125,92.8125,288.390625,644.171875,160.625,43.34375,247.28125,90.828125,48.796875,1268.8125,62.40625
37000,59.484375,219.015625,91.078125,284.71875,657.0625,157.96875,43.453125,232.75,97.796875,49.921875,1282.71875,54.625
37100,61.171875,210.046875,90.265625,287.625,653.015625,166.515625,45.296875,224.703125,99.609375,51.125,1281.09375,53.0
37200,61.15625,219.765625,83.171875,290.46875,633.5,163.15625,44.515625,243.6875,85.78125,49.109375,1298.90625,45.75
37300,61.28125,214.8125,90.875,288.96875,647.640625,169.203125,45.21875,239.234375,91.046875,49.6875,1315.1875,38.3125
37400,62.828125,213.703125,91.46875,291.0625,636.515625,183.375,46.203125,229.90625,94.515625,48.21875,1322.828125,40.78125
37500,63.25,217.640625,82.28125,291.234375,630.109375,173.859375,46.328125,228.546875,89.484375,48.9375,1297.8125,54.28125
37600,62.40625,220.375,80.546875,286.46875,641.78125,173.1875,46.015625,235.0625,85.796875,49.25,1319.296875,41.296875
37700,63.46875,220.78125,81.4375,287.140625,696.171875,143.65625,45.8125,238.515625,88.859375,48.46875,1321.828125,42.453125
37800,60.515625,225.625,87.046875,285.625,651.15625,167.53125,43.609375,256.578125,80.984375,48.890625,1291.46875,53.765625
37900,60.953125,237.546875,89.546875,284.015625,672.03125,163.890625,43.953125,254.28125,94.15625,50.0625,1309.0625,40.921875
38000,60.96875,230.59375,91.515625,282.90625,670.328125,152.3125,44.28125,248.25,96.3125,49.78125,1310.0625,37.265625
38100,61.03125,233.421875,85.40625,285.0625,673.9375,143.296875,44.90625,255.484375,87.59375,50.546875,1274.3125,54.28125
38200,59.421875,251.796875,82.40625,281.421875,665.765625,145.171875,42.828125,268.21875,86.1875,49.71875,1258.40625,61.421875
38300,60.15625,259.46875,84.65625,291.765625,616.609375,157.0625,43.1875,274.84375,90.0,52.328125,1270.3125,46.1875
38400,58.4375,254.578125,90.375,288.9375,627.703125,143.0,42.109375,277.71875,93.125,49.609375,1240.609375,64.25
38500,59.734375,242.0,91.046875,290.296875,615.078125,162.625,42.9375,268.265625,96.28125,51.109375,1264.25,55.703125
38600,60.390625,226.484375,97.625,292.375,599.3125,168.25,43.375,252.828125,100.671875,50.453125,1245.21875,61.5
38700,58.375,226.453125,95.15625,298.3125,630.75,165.75,42.046875,246.09375,98.234375,50.296875,1251.09375,63.59375
38800,59.171875,241.9375,92.90625,292.53125,642.453125,154.65625,43.0,259.28125,95.828125,48.703125,1284.921875,48.421875
38900,60.15625,236.015625,88.140625,286.671875,645.359375,158.4375,44.75,261.703125,88.90625,46.40625,1303.8125,47.203125
39000,61.484375,236.109375,88.4375,286.46875,671.453125,155.5,45.296875,254.765625,91.5,48.640625,1297.890625,54.109375
39100,62.015625,222.96875,84.65625,287.359375,676.828125,148.234375,44.96875,244.46875,86.5625,48.171875,1319.46875,41.1875
39200,61.78125,227.171875,79.265625,289.171875,668.453125,164.703125,44.421875,249.28125,79.8125,49.625,1325.25,45.640625
39300,64.53125,210.234375,81.84375,283.46875,680.28125,176.203125,47.015625,234.0,80.734375,46.75,1339.3125,35.578125
39400,62.703125,214.703125,76.890625,286.640625,717.15625,140.875,46.6875,228.125,81.1875,47.375,1331.9375,39.0625
39500,64.109375,208.5,80.703125,289.46875,677.84375,165.328125,46.390625,231.78125,80.71875,49.4375,1314.171875,58.25
39600,64.703125,210.171875,77.46875,286.65625,706.71875,151.0625,46.859375,230.328125,78.171875,49.15625,1323.765625,43.953125
39700,64.734375,205.625,75.171875,288.3125,679.53125,164.46875,46.546875,219.9375,81.5,49.234375,1336.21875,37.90625
39800,63.609375,192.1875,84.40625,289.53125,676.796875,159.546875,46.5,208.34375,89.53125,47.9375,1340.015625,38.71875
39900,64.25,187.15625,86.578125,287.359375,658.671875,172.640625,47.34375,198.921875,90.953125,48.0625,1328.75,44.625
40000,63.828125,184.375,85.4375,285.40625,696.578125,155.5,46.40625,211.203125,82.3125,48.59375,1345.828125,37.5
40100,64.921875,174.8125,86.453125,289.109375,697.90625,162.0,47.234375,200.1875,90.109375,48.65625,1322.9375,58.109375
40200,63.046875,175.5625,90.046875,282.71875,719.046875,161.046875,47.125,197.328125,90.84375,47.953125,1337.109375,41.125
40300,64.25,172.78125,85.78125,278.75,732.265625,146.625,46.984375,190.40625,92.25,47.515625,1338.5,43.578125
40400,63.78125,178.578125,85.5,278.921875,721.796875,145.109375,47.265625,197.640625,89.109375,49.25,1330.203125,47.9375
40500,63.453125,185.25,91.0625,277.3125,717.90625,151.59375,46.96875,211.921875,90.453125,48.234375,1325.296875,41.078125
40600,64.734375,187.375,91.78125,280.296875,705.28125,154.125,46.703125,207.6875,97.84375,50.0,1310.71875,45.140625
40700,64.5625,190.015625,96.453125,281.15625,710.140625,149.375,46.8125,215.90625,95.8125,49.0625,1306.4375,46.546875
40800,63.328125,192.25,88.875,284.921875,729.578125,132.1875,45.484375,213.625,92.609375,50.453125,1318.6875,37.171875
40900,63.296875,192.21875,88.484375,287.875,698.953125,138.796875,45.5,209.203125,95.796875,49.578125,1306.234375,43.75
41000,63.375,188.046875,87.796875,292.46875,715.15625,131.421875,45.84375,201.609375,99.453125,49.875,1319.59375,42.015625
41100,65.890625,178.734375,86.640625,290.015625,700.078125,145.171875,46.96875,195.015625,91.375,48.484375,1332.15625,44.71875
41200,65.109375,188.3125,85.015625,287.5,713.609375,145.703125,47.671875,206.96875,87.984375,48.15625,1342.1875,43.078125
41300,66.046875,185.28125,77.03125,292.671875,710.5625,152.015625,47.5625,202.265625,84.15625,47.5,1352.0625,38.3125
41400,65.125,194.703125,66.265625,291.578125,727.203125,136.890625,47.484375,214.28125,71.640625,48.484375,1330.890625,55.703125
41500,65.3125,193.25,76.171875,289.125,738.40625,137.515625,48.0625,207.5625,81.75,47.28125,1362.96875,34.609375
41600,64.96875,197.625,71.390625,291.015625,731.203125,145.484375,47.609375,216.796875,75.890625,49.203125,1357.53125,36.8125
41700,65.890625,190.6875,72.953125,286.953125,733.0,148.5,47.609375,210.0625,76.078125,49.1875,1337.140625,42.671875
41800,65.796875,190.796875,73.40625,284.015625,755.546875,134.609375,48.421875,212.8125,79.140625,49.0625,1333.109375,40.578125
41900,64.109375,198.765625,77.015625,283.328125,707.3125,164.234375,46.765625,217.640625,83.03125,47.6875,1327.25,47.84375
42000,64.359375,203.390625,79.84375,283.796875,732.90625,147.203125,46.78125,219.375,84.984375,48.390625,1344.90625,35.09375
42100,63.921875,198.796875,79.734375,282.828125,735.21875,142.609375,46.84375,215.171875,84.3125,50.671875,1338.515625,34.875
42200,62.5625,199.578125,82.8125,284.78125,758.46875,132.890625,45.171875,219.6875,89.15625,49.59375,1326.125,45.5
42300,62.234375,195.875,89.296875,287.125,699.4375,154.6875,45.78125,222.53125,92.015625,50.546875,1335.34375,40.359375
42400,63.578125,202.734375,83.671875,281.96875,748.5625,140.875,46.3125,219.4375,89.328125,49.34375,1337.046875,35.5
42500,63.734375,199.421875,90.734375,278.796875,767.0,130.265625,47.390625,224.1875,88.71875,48.140625,1340.515625,38.0625
42600,64.421875,198.890625,87.671875,277.578125,738.9375,143.15625,46.34375,216.203125,95.296875,47.625,1341.5625,34.109375
42700,64.6875,202.140625,80.765625,279.5625,737.015625,133.9375,47.0625,215.03125,86.109375,50.21875,1308.984375,52.875
42800,64.875,195.875,81.484375,287.671875,701.28125,159.078125,47.453125,210.71875,85.609375,49.53125,1313.828125,48.28125
42900,65.09375,194.3125,80.859375,293.859375,722.765625,122.0,47.34375,210.640625,87.65625,52.109375,1317.25,45.25
43000,63.734375,193.609375,84.046875,294.703125,723.40625,130.484375,46.53125,209.5,89.515625,50.140625,1321.015625,40.921875
43100,62.53125,189.40625,87.15625,289.75,712.09375,150.890625,45.875,208.109375,93.34375,50.203125,1314.703125,47.140625
43200,64.75,180.90625,84.671875,291.59375,697.8125,141.265625,46.484375,198.6875,90.171875,50.828125,1308.890625,56.734375
43300,65.125,198.203125,81.96875,283.015625,706.671875,161.25,46.90625,209.625,88.34375,50.25,1309.46875,55.125
43400,62.71875,197.25,84.15625,286.328125,721.953125,139.78125,46.78125,212.09375,90.84375,50.546875,1335.234375,38.78125
43500,63.3125,202.640625,78.140625,287.71875,698.625,152.953125,46.3125,217.125,83.21875,50.046875,1323.640625,44.15625
43600,64.4375,199.796875,79.53125,286.6875,685.578125,139.09375,46.203125,217.53125,83.546875,49.4375,1289.765625,68.15625
43700,63.40625,198.296875,84.921875,289.59375,672.984375,153.34375,45.265625,216.046875,89.765625,49.21875,1320.859375,44.40625
43800,62.15625,205.71875,79.703125,286.09375,671.734375,157.46875,46.3125,225.640625,80.421875,47.515625,1317.40625,48.9375
43900,62.625,207.78125,80.984375,284.671875,700.09375,142.46875,46.859375,225.6875,84.078125,50.109375,1316.84375,40.515625
44000,62.5,191.734375,94.5625,282.484375,703.5625,136.21875,45.140625,220.53125,98.296875,50.09375,1301.578125,52.140625
44100,64.0,206.046875,85.8125,288.15625,661.140625,146.0625,45.8125,226.71875,87.84375,49.53125,1286.015625,64.484375
44200,62.890625,205.640625,84.171875,292.75,662.46875,153.578125,44.90625,231.90625,84.578125,51.265625,1289.21875,58.921875
44300,63.78125,196.078125,84.078125,292.921875,674.75,156.40625,46.25,216.0625,90.578125,49.28125,1320.71875,45.5
44400,65.046875,192.890625,89.984375,291.1875,668.984375,149.984375,47.046875,209.078125,91.75,49.328125,1300.1875,59.9375
44500,66.046875,191.078125,84.625,291.59375,668.8125,172.03125,47.640625,207.5625,90.171875,47.953125,1324.71875,55.109375
44600,66.15625,183.65625,80.359375,294.4375,659.84375,173.46875,48.015625,205.625,82.875,46.96875,1347.203125,38.09375
44700,66.28125,181.75,81.515625,292.28125,698.8125,150.53125,47.5,203.109375,87.96875,48.21875,1357.171875,33.90625
44800,66.625,181.9375,81.03125,292.828125,676.203125,161.453125,49.046875,201.125,86.71875,49.3125,1356.046875,37.5625
44900,64.46875,186.34375,82.28125,288.125,682.984375,166.40625,46.9375,202.09375,88.234375,48.1875,1356.03125,37.40625
45000,63.90625,183.65625,79.09375,284.296875,669.71875,174.265625,46.5,197.78125,85.78125,47.703125,1339.671875,50.5625
45100,62.359375,177.21875,85.5,284.484375,691.65625,161.25,45.0,196.796875,94.453125,49.046875,1335.71875,46.625
45200,62.921875,183.0,83.890625,281.359375,692.265625,171.859375,46.078125,200.96875,87.546875,48.9375,1323.3125,50.796875
45300,60.078125,194.515625,82.6875,277.859375,681.375,176.0,44.359375,215.0,84.953125,49.0,1319.4375,45.1875
45400,61.953125,202.359375,85.078125,279.78125,684.65625,177.828125,45.375,222.984375,90.234375,48.65625,1330.546875,46.359375
45500,60.75,196.53125,88.78125,281.03125,708.65625,146.515625,45.15625,222.265625,91.03125,49.125,1317.71875,59.0
45600,61.046875,208.0625,84.796875,283.140625,691.484375,158.328125,43.765625,223.109375,92.828125,49.609375,1322.375,45.609375
45700,60.84375,207.3125,83.015625,279.84375,709.0625,159.640625,44.328125,225.578125,91.296875,49.921875,1304.703125,54.90625
45800,61.921875,205.203125,85.265625,281.046875,682.796875,165.890625,44.796875,223.265625,89.296875,48.65625,1319.28125,46.375
45900,62.390625,203.921875,88.03125,280.03125,671.65625,180.171875,45.109375,227.125,95.75,50.296875,1294.671875,59.625
46000,61.625,196.65625,86.3125,281.3125,670.625,181.25,45.28125,216.28125,90.53125,47.828125,1333.515625,43.15625
46100,63.171875,195.0625,78.796875,282.578125,694.21875,149.1875,45.40625,215.828125,82.71875,48.84375,1350.015625,31.109375
46200,62.546875,200.0,75.859375,283.28125,708.140625,151.578125,46.171875,215.515625,80.578125,47.625,1327.125,44.625
46300,63.03125,190.359375,79.046875,289.75,697.609375,155.625,46.734375,209.34375,82.28125,49.90625,1320.671875,54.203125
46400,66.984375,183.390625,81.265625,286.1875,701.1875,172.453125,48.4375,197.3125,84.921875,48.421875,1339.609375,46.203125
46500,65.546875,186.609375,80.640625,283.5625,734.875,141.265625,46.96875,201.171875,88.46875,49.53125,1346.359375,38.53125
46600,65.0625,184.234375,80.921875,291.609375,734.0,143.625,47.390625,196.75,86.625,49.0,1332.59375,60.1875
46700,65.71875,172.265625,83.0,289.4375,709.828125,158.828125,47.46875,189.25,86.015625,50.609375,1339.171875,44.984375
46800,65.046875,190.796875,78.90625,281.4375,721.40625,145.25,47.609375,214.390625,84.671875,49.03125,1339.78125,44.15625
46900,63.84375,192.75,79.265625,282.796875,701.890625,156.625,46.203125,212.734375,83.0,48.890625,1344.125,36.890625
47000,62.4375,192.921875,83.78125,285.5625,706.421875,149.640625,45.078125,218.75,85.703125,50.859375,1322.140625,49.484375
47100,63.0,198.234375,82.484375,284.03125,724.34375,141.15625,45.890625,212.265625,88.421875,50.828125,1317.203125,56.5625
47200,60.671875,197.984375,89.625,281.09375,713.234375,144.8125,44.65625,213.5,94.296875,50.15625,1313.9375,50.25
47300,61.46875,210.90625,86.71875,278.1875,689.78125,146.359375,44.890625,235.75,88.859375,50.09375,1319.78125,42.53125
47400,61.3125,219.640625,83.03125,278.375,713.078125,153.65625,45.1875,241.9375,82.78125,48.296875,1317.59375,52.234375
47500,61.90625,208.828125,92.28125,280.875,705.375,138.859375,45.28125,240.0,86.1875,47.90625,1341.59375,38.140625
47600,60.96875,209.734375,81.359375,286.390625,693.84375,171.109375,45.078125,226.359375,84.640625,48.875,1334.71875,46.734375
47700,61.640625,202.71875,87.71875,283.140625,708.6875,174.09375,44.96875,226.859375,85.5625,47.203125,1343.328125,43.859375
47800,61.296875,214.03125,84.96875,281.25,688.921875,172.328125,44.984375,232.453125,88.234375,47.828125,1332.34375,45.46875
47900,59.9375,212.65625,84.171875,276.65625,721.734375,148.578125,43.265625,237.203125,83.125,47.109375,1319.953125,55.96875
48000,59.03125,210.5625,93.390625,280.90625,709.28125,149.234375,43.203125,228.09375,96.6875,49.6875,1316.390625,53.53125
48100,59.34375,206.171875,88.328125,278.265625,721.984375,149.1875,43.65625,228.75,90.359375,48.359375,1326.546875,47.34375
48200,60.203125,201.6875,91.84375,279.640625,746.453125,140.546875,43.546875,228.296875,91.984375,49.53125,1297.6875,62.609375
48300,60.328125,196.28125,84.390625,278.53125,762.015625,136.484375,43.25,213.328125,92.734375,48.65625,1331.578125,39.84375
48400,59.296875,196.84375,82.234375,285.46875,745.890625,143.53125,43.484375,217.3125,88.9375,51.125,1326.15625,40.921875
48500,59.6875,196.734375,86.4375,290.859375,712.609375,151.328125,43.3125,221.703125,88.546875,51.34375,1308.96875,53.921875
48600,61.15625,199.03125,81.15625,286.78125,713.828125,148.578125,43.75,226.421875,85.203125,49.25,1337.671875,43.34375
48700,60.625,194.265625,83.546875,285.796875,704.578125,166.34375,43.875,226.421875,85.15625,49.484375,1320.484375,56.8125
48800,59.359375,206.1875,84.78125,279.515625,707.375,163.203125,43.34375,227.09375,90.265625,46.34375,1328.84375,59.296875
48900,60.25,194.53125,87.84375,282.515625,711.453125,166.859375,43.609375,221.125,89.46875,50.234375,1310.75,64.796875
49000,60.078125,205.59375,82.453125,278.421875,717.046875,156.796875,43.640625,223.109375,87.328125,49.515625,1331.796875,47.046875
49100,60.53125,207.640625,86.03125,277.921875,726.859375,152.90625,44.46875,228.484375,85.96875,50.109375,1298.578125,72.421875
49200,59.3125,196.828125,93.890625,281.921875,720.25,151.65625,44.28125,219.5625,95.609375,49.8125,1310.4375,52.0625
49300,59.140625,207.265625,90.109375,280.90625,709.765625,154.015625,43.515625,224.625,93.734375,52.15625,1318.75,51.625
49400,58.875,195.140625,88.34375,283.203125,730.828125,150.421875,42.953125,217.765625,90.203125,50.875,1298.8125,64.90625
49500,60.25,192.359375,87.671875,285.078125,707.828125,154.1875,44.265625,204.09375,91.40625,49.3125,1310.578125,63.40625
49600,60.609375,194.890625,82.0625,282.640625,727.78125,164.609375,44.375,204.671875,87.859375,50.015625,1328.84375,44.71875
49700,60.21875,182.875,90.1875,276.515625,743.25,158.859375,44.234375,207.0,92.484375,49.78125,1324.921875,43.4375
49800,60.921875,184.0,84.609375,281.15625,751.78125,136.71875,44.859375,198.53125,92.28125,48.875,1327.140625,47.90625
49900,59.140625,180.578125,86.578125,279.515625,750.09375,158.46875,43.34375,202.078125,86.75,49.109375,1338.328125,36.53125
50000,59.734375,189.3125,86.6875,282.390625,719.15625,153.15625,43.71875,207.109375,89.203125,48.625,1324.0625,49.0625
50100,59.265625,187.734375,87.453125,283.78125,714.953125,174.75,43.9375,202.234375,93.0625,48.40625,1330.96875,43.203125
50200,59.015625,179.125,89.4375,285.234375,697.3125,176.640625,43.421875,192.734375,99.5,48.8125,1340.71875,44.953125
50300,60.671875,193.359375,82.171875,282.9375,712.234375,174.125,44.609375,205.796875,87.125,48.359375,1347.921875,38.1875
50400,59.171875,196.578125,73.359375,284.328125,717.296875,153.3125,44.03125,212.421875,77.453125,47.796875,1336.53125,47.21875
50500,59.703125,179.46875,87.703125,285.4375,731.015625,152.546875,44.140625,209.1875,82.546875,49.328125,1336.65625,46.078125
50600,60.453125,193.359375,79.609375,285.875,707.28125,158.015625,44.390625,217.671875,78.703125,49.171875,1332.1875,51.421875
50700,58.890625,187.5625,85.203125,280.203125,748.9375,159.890625,42.984375,210.34375,87.171875,47.921875,1342.125,49.453125
50800,63.015625,180.453125,84.84375,279.421875,756.5,153.921875,45.75,197.921875,90.109375,46.5,1357.140625,43.65625
50900,64.578125,174.15625,85.0,280.5,782.078125,141.671875,46.796875,198.15625,86.0,47.125,1347.453125,58.0
51000,62.453125,177.28125,82.75,280.171875,754.109375,164.140625,45.6875,206.484375,76.484375,46.75,1364.09375,51.1875
51100,64.578125,178.375,79.890625,285.921875,745.46875,158.265625,46.75,200.59375,84.609375,48.1875,1344.015625,58.203125
51200,64.5,177.21875,79.84375,284.921875,753.640625,164.765625,46.828125,196.625,83.953125,47.34375,1355.359375,53.140625
51300,63.953125,174.546875,74.203125,285.9375,732.015625,174.03125,47.75,190.078125,77.953125,48.28125,1369.9375,36.078125
51400,63.5,180.34375,78.265625,288.40625,726.09375,167.4375,47.109375,195.921875,80.65625,48.609375,1360.75,47.453125
51500,63.90625,169.671875,77.828125,284.84375,759.421875,149.84375,47.671875,185.015625,80.796875,47.734375,1366.90625,46.640625
51600,63.234375,172.09375,74.171875,283.109375,769.46875,147.109375,46.984375,191.78125,76.359375,47.59375,1377.75,36.53125
51700,63.59375,169.828125,76.859375,278.40625,782.625,152.046875,46.734375,185.4375,82.359375,47.484375,1366.65625,45.21875
51800,63.828125,175.359375,72.28125,275.09375,806.96875,139.859375,47.484375,191.171875,77.65625,46.9375,1382.6875,41.28125
51900,63.578125,178.0,69.0,273.703125,765.90625,153.0,47.25,196.1875,74.46875,47.703125,1377.0,41.9375
52000,65.25,163.171875,81.09375,278.203125,771.5,150.9375,48.390625,178.515625,87.734375,48.234375,1366.484375,41.09375
52100,63.890625,165.375,79.015625,276.453125,768.703125,134.625,46.734375,180.4375,86.453125,48.59375,1370.921875,31.5625
52200,63.203125,174.484375,76.03125,277.0625,761.203125,135.609375,46.046875,191.125,80.421875,51.375,1340.640625,51.390625
52300,63.03125,174.140625,76.65625,280.171875,744.34375,143.265625,45.84375,191.875,82.765625,50.390625,1359.359375,32.078125
52400,62.390625,175.71875,87.03125,282.078125,723.90625,160.390625,46.671875,192.953125,89.921875,49.65625,1340.40625,48.015625
52500,62.109375,171.390625,89.953125,283.453125,692.921875,166.765625,45.78125,196.953125,91.6875,50.828125,1315.75,60.96875
52600,61.25,184.90625,83.921875,285.125,698.171875,158.28125,45.21875,202.1875,86.265625,49.671875,1329.421875,58.125
52700,63.0,199.0,76.703125,284.53125,682.3125,184.703125,45.90625,213.078125,82.71875,50.375,1306.15625,67.484375
52800,62.625,197.71875,76.640625,284.3125,723.484375,142.5625,45.21875,214.921875,78.984375,50.40625,1321.765625,53.0625
52900,61.53125,197.59375,75.59375,286.015625,729.359375,141.078125,45.421875,215.203125,77.15625,50.15625,1340.328125,44.515625
53000,62.640625,197.578125,80.265625,284.5,693.4375,159.859375,45.34375,219.828125,80.375,49.71875,1334.640625,45.609375
53100,61.28125,208.359375,73.703125,288.25,706.171875,166.671875,44.90625,226.21875,73.96875,49.453125,1344.296875,39.703125
53200,60.953125,215.046875,75.015625,283.578125,714.515625,138.96875,44.578125,230.0625,79.65625,48.90625,1345.765625,39.34375
53300,59.3125,212.640625,79.375,277.140625,705.25,158.46875,43.9375,227.953125,85.171875,48.609375,1338.40625,33.84375
53400,58.203125,211.3125,88.953125,276.796875,653.703125,180.203125,43.4375,240.421875,89.375,48.1875,1322.828125,43.828125
53500,60.515625,211.3125,88.234375,275.28125,701.8125,151.65625,44.484375,226.125,91.46875,49.890625,1313.359375,44.34375
53600,61.328125,208.328125,83.4375,280.03125,701.90625,164.296875,45.0,230.296875,86.734375,49.3125,1311.609375,52.09375
53700,61.1875,204.125,84.078125,280.953125,707.0,154.109375,44.890625,223.703125,90.59375,48.359375,1327.609375,40.859375
53800,59.796875,197.375,87.4375,282.28125,678.640625,172.5,43.375,225.9375,87.015625,49.921875,1313.390625,46.9375
53900,61.265625,201.828125,85.90625,287.3125,696.421875,155.109375,44.09375,218.359375,83.578125,49.375,1336.5625,37.203125
54000,61.09375,199.0,83.375,286.640625,702.671875,161.671875,44.640625,214.46875,88.203125,48.40625,1337.1875,43.984375
54100,60.90625,187.125,85.390625,280.8125,714.84375,153.90625,44.375,204.296875,88.671875,48.171875,1350.65625,37.21875
54200,61.296875,195.046875,76.625,283.078125,686.578125,180.5,45.0625,213.375,81.859375,48.390625,1345.1875,48.140625
54300,62.546875,194.421875,73.890625,281.4375,718.359375,159.359375,45.578125,208.40625,82.703125,47.53125,1355.1875,43.875
54400,62.8125,191.09375,77.859375,279.703125,721.078125,160.578125,45.515625,208.640625,81.265625,47.59375,1340.0,50.078125
54500,63.796875,182.03125,77.4375,284.0625,749.40625,139.59375,46.8125,192.203125,83.984375,47.796875,1371.34375,33.28125
54600,60.765625,191.609375,77.0625,286.296875,715.71875,145.75,45.46875,205.5625,84.046875,47.109375,1347.109375,43.65625
54700,62.90625,186.328125,82.28125,283.125,729.984375,146.28125,46.140625,200.3125,87.65625,47.6875,1337.625,50.921875
54800,61.734375,202.0,86.671875,279.90625,713.875,158.921875,45.734375,218.078125,92.140625,48.390625,1339.0625,45.28125
54900,63.640625,198.859375,89.140625,281.390625,731.03125,141.765625,46.515625,215.515625,93.328125,49.703125,1314.984375,55.046875
55000,62.78125,200.875,84.125,281.828125,734.234375,140.609375,46.125,217.5,87.90625,50.40625,1321.46875,43.703125
55100,60.5625,206.171875,82.09375,282.3125,725.625,136.953125,44.078125,226.640625,84.15625,50.375,1314.59375,46.703125
55200,60.90625,194.21875,92.953125,279.3125,733.28125,145.890625,44.421875,219.796875,94.328125,49.109375,1345.65625,30.921875
55300,61.1875,208.90625,87.28125,278.15625,731.53125,142.40625,44.484375,226.359375,89.359375,48.78125,1321.234375,50.078125
55400,62.859375,197.265625,85.765625,279.796875,710.53125,151.96875,46.03125,220.140625,88.46875,50.46875,1309.796875,55.40625
55500,61.390625,201.46875,85.3125,285.859375,722.84375,151.1875,44.625,221.765625,85.46875,51.0625,1326.203125,39.671875
55600,60.8125,204.109375,83.953125,281.328125,700.515625,165.625,44.984375,220.609375,88.171875,49.90625,1313.265625,50.859375
55700,62.21875,213.125,81.515625,281.640625,710.734375,147.53125,44.859375,231.09375,85.578125,49.4375,1333.828125,40.796875
55800,61.9375,219.484375,77.140625,279.703125,705.484375,166.75,44.9375,234.90625,81.578125,48.96875,1320.328125,51.046875
55900,62.0,210.890625,74.671875,281.34375,703.171875,157.15625,45.78125,231.46875,78.75,49.21875,1331.40625,50.046875
56000,62.078125,201.171875,77.609375,281.359375,728.34375,147.21875,45.34375,218.828125,83.5625,48.140625,1330.0625,59.484375
56100,62.734375,200.21875,80.453125,282.140625,750.328125,129.640625,46.09375,219.15625,85.890625,48.609375,1346.03125,38.125
56200,61.921875,202.90625,74.59375,282.84375,746.390625,132.875,45.71875,223.46875,79.890625,49.3125,1312.84375,64.90625
56300,60.796875,214.625,76.578125,279.5,710.421875,166.28125,44.546875,227.734375,83.8125,48.921875,1328.328125,50.140625
56400,59.453125,209.140625,83.171875,280.9375,733.265625,139.125,43.46875,220.3125,88.21875,48.546875,1333.0,45.875
56500,61.65625,202.5,82.15625,276.8125,731.359375,162.671875,45.0625,221.78125,84.421875,49.671875,1332.421875,44.78125
56600,61.203125,204.203125,83.984375,281.453125,728.296875,139.3125,44.515625,220.703125,88.6875,47.421875,1338.765625,41.078125
56700,60.90625,199.875,82.78125,282.5625,721.65625,144.203125,43.71875,220.34375,83.859375,49.109375,1326.265625,48.984375
56800,61.828125,187.625,93.09375,282.3125,766.71875,128.671875,45.265625,196.578125,98.296875,49.171875,1338.703125,41.796875
56900,61.578125,185.25,93.484375,281.890625,727.140625,159.09375,45.28125,210.03125,92.234375,49.8125,1313.578125,52.8125
57000,62.25,178.0625,89.765625,280.171875,752.953125,139.921875,45.078125,198.3125,97.75,50.578125,1292.90625,65.578125
57100,63.5,182.359375,88.0,283.515625,745.15625,140.21875,46.71875,199.09375,92.640625,50.34375,1315.140625,55.8125
57200,62.640625,184.15625,88.703125,287.8125,724.671875,153.546875,45.859375,202.03125,89.6875,48.328125,1353.0625,30.828125
57300,62.296875,180.484375,91.78125,289.421875,732.546875,152.796875,44.890625,199.140625,95.734375,49.9375,1313.859375,54.375
57400,59.484375,188.796875,87.359375,282.8125,702.578125,155.625,44.421875,206.9375,93.484375,48.015625,1334.46875,42.171875
57500,58.921875,193.546875,92.390625,280.03125,731.484375,138.375,44.359375,202.8125,100.46875,48.359375,1349.03125,28.9375
57600,59.078125,197.640625,91.9375,274.75,716.59375,152.03125,43.6875,206.25,98.296875,48.953125,1329.734375,42.90625
57700,57.609375,204.46875,90.0,280.328125,727.578125,145.078125,42.625,225.921875,95.28125,48.625,1308.859375,48.125
57800,57.890625,203.765625,97.328125,276.1875,689.375,159.515625,42.875,225.78125,99.796875,47.8125,1313.78125,54.59375
57900,60.6875,226.125,85.859375,277.78125,690.234375,162.84375,44.28125,241.5625,90.09375,48.6875,1301.078125,64.46875
58000,59.84375,223.21875,86.15625,280.15625,685.40625,153.71875,43.90625,238.9375,91.828125,47.75,1309.015625,54.96875
58100,61.25,206.484375,90.8125,282.078125,677.765625,175.421875,44.265625,223.453125,93.265625,48.90625,1312.53125,50.265625
58200,62.625,208.0,84.078125,283.5625,699.890625,155.9375,45.78125,226.15625,88.046875,47.203125,1319.09375,60.578125
58300,62.953125,203.578125,79.5625,287.65625,683.546875,144.859375,46.125,219.5,84.6875,48.21875,1321.84375,44.75
58400,63.1875,203.71875,79.5,288.390625,691.171875,152.984375,46.5625,220.5,81.90625,47.8125,1344.671875,40.3125
58500,64.5625,198.65625,74.296875,290.25,709.53125,149.828125,47.09375,213.421875,80.75,48.9375,1352.765625,38.78125
58600,66.59375,181.390625,79.453125,288.546875,683.296875,148.984375,48.90625,200.90625,82.328125,48.484375,1339.75,57.453125
58700,67.484375,183.078125,74.828125,290.0625,697.78125,167.15625,49.28125,198.28125,77.5,48.78125,1356.21875,45.0
58800,66.1875,179.078125,80.484375,293.125,669.8125,151.984375,49.171875,197.328125,83.734375,48.59375,1351.71875,50.75
58900,64.171875,190.234375,79.828125,284.390625,707.75,153.09375,46.65625,208.78125,81.265625,48.234375,1341.875,52.453125
59000,63.9375,190.734375,77.78125,285.65625,691.078125,160.296875,46.703125,212.25,80.625,48.4375,1344.328125,38.421875
59100,62.484375,195.765625,83.234375,281.109375,713.1875,140.671875,45.5,213.6875,86.3125,49.796875,1341.515625,44.171875
59200,61.703125,198.171875,85.46875,281.671875,692.859375,152.171875,45.171875,212.96875,90.71875,50.375,1316.5625,52.1875
59300,62.921875,194.609375,93.28125,281.390625,700.953125,163.53125,46.171875,222.234375,89.84375,48.578125,1335.0625,41.421875
59400,61.953125,209.4375,85.640625,280.921875,649.765625,163.078125,46.53125,223.4375,92.4375,50.234375,1305.375,58.828125
59500,61.828125,210.96875,94.59375,276.828125,678.5625,165.125,45.140625,232.5,95.859375,50.84375,1320.140625,40.84375
59600,60.984375,217.6875,83.265625,282.25,670.046875,167.03125,44.3125,234.234375,88.5625,50.15625,1305.3125,49.546875
59700,61.484375,222.34375,87.109375,280.59375,685.96875,146.6875,44.578125,237.796875,90.6875,50.8125,1290.78125,46.796875
59800,61.703125,216.484375,81.234375,281.265625,671.921875,147.25,43.9375,234.4375,87.84375,50.140625,1313.328125,36.328125
59900,60.390625,214.625,90.375,288.609375,669.4375,156.640625,43.921875,235.171875,94.546875,49.484375,1297.796875,49.515625
60000,60.765625,209.890625,87.921875,285.4375,688.6875,145.15625,43.984375,227.90625,94.640625,49.5,1317.109375,40.0
60100,63.09375,207.21875,87.890625,285.484375,677.859375,161.125,46.34375,228.84375,92.9375,48.515625,1320.25,43.546875
60200,62.625,207.71875,90.484375,284.765625,668.109375,155.109375,45.671875,221.765625,95.4375,49.75,1303.4375,46.5625
60300,62.703125,193.78125,91.5,285.578125,660.84375,156.125,45.6875,214.125,95.25,48.5625,1309.09375,47.765625
60400,62.25,184.109375,92.828125,287.34375,680.078125,162.203125,45.234375,202.109375,98.421875,48.90625,1325.03125,44.484375
60500,63.921875,177.625,92.5,283.765625,719.0625,159.265625,46.40625,197.375,97.125,48.09375,1340.328125,36.71875
60600,63.453125,181.171875,92.65625,285.015625,656.0625,193.5,46.5,193.015625,98.078125,47.609375,1339.625,42.296875
60700,64.703125,185.140625,84.84375,282.703125,705.21875,160.96875,46.078125,196.046875,93.234375,49.84375,1347.1875,32.09375
60800,64.359375,179.90625,86.8125,288.296875,675.015625,172.375,46.84375,192.78125,93.78125,48.5,1327.203125,49.34375
60900,65.265625,173.890625,92.890625,287.515625,650.0,165.546875,46.453125,188.46875,95.6875,47.296875,1339.03125,38.71875
61000,65.1875,179.21875,85.71875,288.90625,683.5,149.375,47.171875,195.734375,92.328125,48.28125,1327.359375,44.28125
61100,64.484375,174.640625,86.75,288.625,684.5,144.015625,46.3125,196.453125,91.9375,48.1875,1320.53125,52.78125
61200,64.09375,184.546875,91.8125,290.859375,661.734375,149.1875,46.3125,211.65625,99.5,51.109375,1315.203125,43.40625
61300,63.640625,208.9375,85.4375,288.734375,687.46875,168.421875,46.625,230.984375,89.0625,50.1875,1310.90625,51.25
61400,64.5,197.03125,89.15625,284.65625,695.46875,156.015625,47.765625,220.40625,88.671875,48.640625,1351.59375,27.953125
61500,65.734375,204.4375,85.34375,283.9375,722.21875,147.09375,47.640625,217.484375,90.109375,50.078125,1319.765625,42.484375
61600,65.703125,201.625,84.109375,284.453125,714.28125,143.03125,48.21875,220.53125,91.453125,49.953125,1324.828125,37.828125
61700,65.65625,210.015625,84.015625,283.6875,693.640625,148.453125,48.0625,232.859375,86.84375,48.90625,1306.625,45.3125
61800,63.1875,220.515625,80.203125,284.421875,647.0,176.09375,45.921875,236.5625,88.234375,47.765625,1292.28125,54.96875
61900,64.203125,218.15625,83.65625,287.390625,639.1875,171.0,46.640625,239.25,88.8125,50.46875,1271.28125,69.515625
62000,62.578125,222.0625,80.75,286.9375,670.65625,151.6875,45.328125,241.546875,86.8125,50.5,1302.796875,42.140625
62100,61.390625,225.109375,82.421875,282.359375,682.640625,147.796875,45.140625,245.3125,88.625,50.0,1274.234375,58.265625
62200,62.28125,235.28125,82.15625,277.53125,657.796875,165.53125,45.84375,251.921875,90.28125,48.296875,1308.65625,40.875
62300,61.859375,235.765625,85.125,283.984375,629.84375,174.28125,45.8125,258.515625,84.515625,48.734375,1298.96875,45.671875
62400,61.125,237.953125,86.453125,282.765625,669.28125,158.0,44.9375,260.890625,83.234375,49.71875,1281.421875,55.296875
62500,62.859375,241.453125,78.53125,283.1875,675.25,151.96875,46.078125,253.734375,85.5625,47.53125,1285.234375,57.078125
62600,63.265625,242.53125,78.609375,283.734375,665.390625,153.53125,45.71875,262.125,86.71875,49.078125,1284.453125,57.765625
62700,62.0,241.359375,83.515625,281.734375,699.4375,141.59375,45.75,261.8125,85.390625,48.625,1309.140625,40.9375
62800,63.875,218.40625,86.171875,284.59375,685.5,154.3125,46.421875,237.09375,93.546875,49.25,1302.828125,45.28125
62900,63.96875,221.5625,91.5,286.625,661.25,157.59375,46.4375,233.40625,97.734375,48.84375,1296.734375,50.234375
63000,62.9375,225.15625,91.984375,285.78125,658.640625,163.0625,45.625,237.25,98.875,48.546875,1308.84375,40.421875
63100,61.296875,234.5625,82.34375,282.96875,662.46875,164.375,44.0,252.765625,91.046875,49.671875,1280.40625,56.234375
63200,60.640625,226.3125,84.703125,282.890625,698.53125,138.15625,43.90625,250.109375,89.59375,49.03125,1285.34375,55.90625
63300,63.0625,236.9375,79.890625,287.4375,674.65625,163.109375,45.15625,259.234375,81.96875,49.015625,1301.265625,46.546875
63400,61.421875,236.515625,80.5625,289.71875,686.0625,171.28125,44.359375,257.875,83.546875,48.421875,1301.25,52.890625
63500,62.375,229.453125,77.375,289.359375,679.546875,171.078125,45.25,249.015625,83.765625,48.171875,1314.578125,40.875
63600,62.4375,236.5,76.109375,286.734375,686.640625,167.125,45.046875,253.46875,81.1875,48.703125,1320.90625,37.34375
63700,62.71875,229.5,75.546875,285.625,699.640625,153.3125,46.140625,246.609375,83.5625,47.796875,1333.578125,34.453125
63800,61.171875,221.125,82.4375,283.640625,686.8125,145.8125,44.78125,253.265625,82.46875,47.484375,1325.78125,44.609375
63900,62.0625,219.8125,88.046875,281.203125,704.609375,149.53125,45.078125,242.875,90.4375,47.921875,1298.703125,60.453125
64000,60.890625,206.328125,95.921875,283.578125,718.140625,155.734375,44.015625,242.15625,88.046875,48.921875,1314.015625,50.609375
64100,63.078125,201.296875,90.828125,281.40625,717.859375,147.375,45.84375,224.4375,96.46875,50.15625,1307.046875,61.15625
64200,62.234375,199.5625,91.8125,281.921875,715.0625,158.171875,45.171875,220.65625,96.421875,48.984375,1320.546875,51.78125
64300,61.65625,207.515625,87.09375,280.125,728.765625,147.125,44.4375,222.8125,95.328125,51.09375,1316.75,49.234375
64400,60.859375,213.578125,84.859375,276.71875,735.9375,150.453125,44.328125,233.109375,90.03125,48.046875,1324.0,51.25
64500,61.703125,200.53125,84.578125,278.125,722.1875,154.484375,44.3125,226.125,89.65625,49.921875,1323.703125,41.859375
64600,60.84375,220.6875,82.375,279.171875,749.515625,135.734375,44.484375,239.125,88.140625,52.328125,1300.578125,47.140625
64700,59.015625,220.359375,82.640625,279.859375,699.78125,151.0625,42.84375,244.875,85.640625,50.671875,1314.46875,41.40625
64800,60.25,208.75,88.0,282.046875,679.8125,161.15625,43.65625,236.265625,88.171875,50.90625,1313.296875,44.6875
64900,61.0625,209.078125,84.140625,282.078125,726.859375,157.53125,43.703125,231.890625,87.734375,50.96875,1312.765625,42.15625
65000,59.953125,212.9375,84.9375,284.640625,697.796875,164.453125,43.578125,230.578125,86.875,49.4375,1309.171875,45.34375
65100,60.296875,210.46875,83.203125,287.890625,719.9375,148.9375,43.484375,226.546875,85.484375,48.375,1329.453125,41.84375
65200,60.671875,209.609375,83.09375,290.5,686.984375,165.390625,43.265625,225.515625,87.125,49.3125,1339.546875,41.640625
65300,60.71875,219.78125,75.890625,283.75,727.84375,158.046875,44.484375,233.109375,83.25,48.984375,1335.21875,45.828125
65400,60.859375,207.21875,81.09375,281.953125,769.765625,134.59375,43.90625,219.5625,87.09375,48.921875,1361.078125,28.953125
65500,61.78125,194.921875,84.984375,281.578125,738.8125,143.796875,46.140625,207.796875,90.75,49.171875,1346.453125,38.25
65600,61.421875,197.453125,81.578125,278.609375,706.015625,167.125,45.046875,212.640625,86.109375,49.09375,1333.109375,49.5625
65700,61.09375,195.71875,83.90625,281.328125,700.015625,164.40625,45.140625,215.296875,85.796875,49.34375,1323.90625,50.984375
65800,61.671875,193.359375,79.125,282.53125,737.234375,147.921875,45.046875,209.8125,83.5625,50.09375,1337.328125,38.3125
65900,61.015625,202.609375,79.046875,285.671875,717.75,163.21875,44.78125,223.453125,83.40625,47.984375,1331.1875,53.671875
66000,61.609375,201.34375,82.109375,283.21875,723.140625,152.4375,44.625,217.828125,89.65625,50.5,1340.328125,40.171875
66100,61.5625,206.96875,83.921875,281.75,742.390625,143.21875,45.140625,222.9375,88.25,50.65625,1315.015625,50.953125
66200,61.71875,205.328125,80.484375,278.703125,735.171875,140.21875,45.109375,226.125,81.953125,48.859375,1337.828125,41.203125
66300,61.140625,198.390625,84.03125,277.828125,725.265625,163.09375,44.453125,210.71875,89.1875,48.171875,1344.96875,43.546875
66400,62.15625,193.03125,78.21875,285.09375,732.765625,147.703125,44.875,214.40625,82.34375,48.828125,1350.765625,41.6875
66500,61.859375,197.6875,79.515625,282.234375,689.203125,175.3125,44.5,219.8125,82.0,49.8125,1336.5625,43.46875
66600,62.6875,204.296875,72.296875,282.46875,730.53125,161.421875,46.125,216.96875,78.75,50.9375,1329.703125,45.453125
66700,62.53125,194.671875,76.859375,281.109375,714.84375,167.109375,45.109375,215.015625,80.21875,50.1875,1331.453125,42.4375
66800,61.390625,195.953125,75.796875,282.765625,745.03125,131.171875,44.8125,212.734375,80.34375,49.484375,1321.859375,61.453125
66900,61.1875,214.859375,70.75,284.0625,723.3125,151.46875,44.75,237.65625,74.90625,48.84375,1350.171875,38.609375
67000,59.796875,213.890625,79.328125,283.671875,731.765625,145.59375,42.9375,235.203125,83.140625,49.171875,1326.546875,50.953125
67100,60.109375,213.328125,80.4375,281.34375,723.34375,165.40625,43.671875,237.84375,75.875,50.453125,1332.875,47.546875
67200,60.46875,212.015625,80.6875,282.671875,702.28125,163.96875,43.59375,235.34375,83.984375,50.734375,1331.421875,45.640625
67300,58.984375,212.265625,86.84375,283.0625,725.171875,143.875,42.59375,233.796875,89.9375,49.984375,1320.765625,48.46875
67400,58.078125,219.09375,89.46875,280.046875,714.46875,150.15625,42.296875,230.546875,94.328125,51.40625,1329.90625,40.765625
67500,58.5,206.65625,86.5625,275.1875,722.921875,151.59375,42.34375,221.640625,90.78125,50.96875,1312.484375,54.125
67600,57.59375,207.375,88.15625,280.125,738.90625,138.59375,41.40625,229.640625,87.46875,51.578125,1299.421875,55.59375
67700,58.765625,213.3125,84.359375,278.359375,709.609375,145.484375,42.25,230.53125,88.15625,49.953125,1301.640625,60.234375
67800,60.65625,206.421875,82.5,283.953125,716.40625,133.34375,43.96875,226.703125,88.96875,49.84375,1332.8125,44.515625
67900,60.015625,204.96875,82.15625,280.640625,722.265625,151.5,44.078125,221.734375,86.625,47.21875,1353.375,39.46875
68000,59.65625,203.15625,81.328125,279.421875,758.578125,138.375,43.828125,218.984375,83.59375,47.953125,1361.203125,29.546875
68100,60.9375,204.46875,78.75,277.859375,720.75,167.25,44.5625,227.90625,81.015625,49.90625,1340.34375,40.953125
68200,62.421875,222.65625,71.75,278.03125,716.265625,159.828125,45.4375,240.078125,73.75,50.921875,1307.0625,62.109375
68300,61.765625,218.984375,76.0625,276.625,730.46875,156.21875,45.078125,235.828125,77.5625,50.953125,1324.0625,45.40625
68400,59.375,219.328125,76.46875,282.15625,708.6875,162.40625,43.8125,238.140625,81.265625,47.859375,1332.890625,42.125
68500,60.171875,222.8125,72.796875,281.046875,725.859375,158.6875,43.453125,248.21875,75.15625,49.328125,1322.40625,51.796875
68600,60.546875,231.515625,72.359375,281.15625,717.78125,152.015625,44.59375,242.3125,75.625,49.375,1299.75,65.90625
68700,58.25,228.8125,76.734375,279.359375,707.15625,159.875,42.390625,251.390625,75.96875,50.5,1322.78125,43.25
68800,59.828125,224.59375,73.765625,281.625,685.59375,175.25,43.953125,247.59375,77.578125,49.75,1334.984375,36.859375
68900,59.203125,220.234375,75.171875,279.546875,694.34375,181.5,43.078125,240.34375,76.78125,49.265625,1331.328125,39.984375
69000,58.09375,223.1875,74.65625,280.375,712.8125,153.78125,42.203125,238.90625,78.515625,48.75,1328.59375,41.96875
69100,58.171875,213.65625,76.03125,280.921875,728.5,142.828125,43.25,232.4375,78.25,47.671875,1328.84375,45.578125
69200,58.578125,210.75,80.265625,279.203125,722.890625,153.984375,42.125,227.640625,85.296875,49.03125,1320.796875,51.671875
69300,57.84375,207.40625,86.140625,277.234375,738.0625,141.71875,42.953125,230.359375,88.4375,49.75,1315.078125,50.28125
69400,57.640625,219.15625,75.375,278.8125,733.921875,146.1875,42.21875,237.296875,78.375,50.296875,1323.09375,50.359375
69500,59.703125,216.75,78.71875,280.765625,726.734375,152.171875,43.171875,229.8125,85.0625,49.75,1321.453125,51.109375
69600,59.34375,216.453125,77.59375,278.4375,730.0625,144.140625,43.8125,227.484375,83.359375,48.5,1339.046875,45.59375
69700,61.390625,204.078125,77.6875,280.796875,741.90625,142.296875,44.953125,220.328125,83.671875,49.890625,1331.46875,47.25
69800,61.109375,202.125,76.59375,280.171875,742.765625,151.203125,45.703125,216.28125,79.3125,48.71875,1358.453125,31.46875
69900,61.09375,206.171875,79.90625,280.75,695.125,160.671875,44.8125,231.953125,81.453125,48.9375,1344.671875,42.03125
70000,61.71875,202.5,83.921875,282.90625,705.609375,162.84375,45.015625,219.203125,88.53125,48.109375,1348.1875,39.640625
